FID,POINTID,record_type,flags,lng,lat,included_in_rotated
0,1,Ceratopsidae,Early Campanian,-112.65000200,48.96659900,Y
1,2,Ceratopsidae,Early Campanian,-112.65000200,48.96659900,Y
2,3,Ceratopsidae,Early Campanian,-108.86666900,44.98333400,Y
3,4,Ceratopsidae,Early Campanian,-112.66439800,48.96460000,Y
4,5,Ceratopsidae,Early Campanian,-113.75000000,48.63000100,Y
5,6,Ceratopsidae,Early Campanian,-112.65000200,48.96659900,Y
6,7,Ceratopsidae,Early Campanian,-112.65000200,48.96659900,Y
7,8,Ceratopsidae,Early Campanian,-112.64240300,48.93550100,Y
8,9,Ceratopsidae,Early Campanian,-112.64240300,48.93550100,Y
9,10,Ceratopsidae,Early Campanian,-107.19999700,35.70000100,Y
10,11,Ceratopsidae,Early Campanian,-107.19999700,35.70000100,Y
11,12,Ceratopsidae,Early Campanian,-111.34916700,37.17805500,Y
12,13,Ceratopsidae,Early Campanian,-111.64666700,37.19111300,Y
13,14,Ceratopsidae,Early Campanian,-111.00000000,49.59999800,Y
14,15,Hadrosaurinae,Early Campanian,-85.13939700,32.17789800,Y
15,16,Hadrosaurinae,Early Campanian,-85.13939700,32.17789800,Y
16,17,Hadrosaurinae,Early Campanian,-85.31720000,32.12580100,Y
17,18,Hadrosaurinae,Early Campanian,-110.86666900,39.72777900,Y
18,19,Hadrosaurinae,Early Campanian,-110.86666900,39.72777900,Y
19,20,Hadrosaurinae,Early Campanian,-157.84199500,56.81499900,Y
20,21,Hadrosaurinae,Early Campanian,-109.46939800,46.45426900,Y
21,22,Hadrosaurinae,Early Campanian,-74.90171800,39.96950900,Y
22,23,Hadrosaurinae,Early Campanian,-88.41666400,33.48333400,Y
23,24,Hadrosaurinae,Early Campanian,-111.00000000,49.59999800,Y
24,25,Hadrosaurinae,Early Campanian,-112.95939600,37.90108500,Y
25,26,Hadrosaurinae,Early Campanian,-113.76333600,37.28611000,Y
26,27,Hadrosaurinae,Early Campanian,-115.73329900,30.03330000,N
27,28,Hadrosaurinae,Early Campanian,-115.73329900,30.03330000,N
28,29,Hadrosaurinae,Early Campanian,-115.73329900,30.03330000,N
29,30,Hadrosaurinae,Early Campanian,-110.93019100,38.06769900,Y
30,31,Hadrosaurinae,Early Campanian,-110.96582000,38.06412100,Y
31,32,Hadrosaurinae,Early Campanian,-110.92045600,38.07371900,Y
32,33,Hadrosaurinae,Early Campanian,-110.98982200,38.07130100,Y
33,34,Hadrosaurinae,Early Campanian,-110.93341100,38.05159800,Y
34,35,Hadrosaurinae,Early Campanian,-110.92830700,38.07792300,Y
35,36,Hadrosaurinae,Early Campanian,-110.93350200,38.05149800,Y
36,37,Hadrosaurinae,Early Campanian,-110.91290300,38.06766900,Y
37,38,Hadrosaurinae,Early Campanian,-108.66702300,35.39835700,Y
38,39,Hadrosaurinae,Early Campanian,-106.94114700,35.32031600,Y
39,40,Hadrosaurinae,Early Campanian,-106.94114700,35.32031600,Y
40,41,Hadrosaurinae,Early Campanian,-106.94114700,35.32031600,Y
41,42,Hadrosaurinae,Early Campanian,-75.72638700,39.54166800,Y
42,43,Hadrosaurinae,Early Campanian,-74.99250000,39.95249900,Y
43,44,Hadrosaurinae,Early Campanian,-87.18486000,32.41887700,Y
44,45,Hadrosaurinae,Early Campanian,-108.97583000,41.76944400,Y
45,46,Hadrosaurinae,Early Campanian,-78.49730700,34.57168200,Y
46,47,Hadrosaurinae,Early Campanian,-78.49730700,34.57168200,Y
47,48,Hadrosaurinae,Early Campanian,-78.49730700,34.57168200,Y
48,49,Hadrosaurinae,Early Campanian,-78.49730700,34.57168200,Y
49,50,Hadrosaurinae,Early Campanian,-112.32909400,47.72095900,Y
50,51,Hadrosaurinae,Early Campanian,-113.75000000,48.63330100,Y
51,52,Hadrosaurinae,Early Campanian,-113.75000000,48.63330100,Y
52,53,Hadrosaurinae,Early Campanian,-113.75000000,48.63330100,Y
53,54,Hadrosaurinae,Early Campanian,-113.75000000,48.63330100,Y
54,55,Hadrosaurinae,Early Campanian,-113.75000000,48.63330100,Y
55,56,Hadrosaurinae,Early Campanian,-112.35838300,48.47220200,Y
56,57,Hadrosaurinae,Early Campanian,-113.75000000,48.63330100,Y
57,58,Hadrosaurinae,Early Campanian,-112.46918500,48.49194300,Y
58,59,Hadrosaurinae,Early Campanian,-112.89910900,37.59166700,Y
59,60,Hadrosaurinae,Early Campanian,-112.88406400,37.59260900,Y
60,61,Hadrosaurinae,Early Campanian,-112.11861400,37.63472400,Y
61,62,Hadrosaurinae,Early Campanian,-111.53196000,37.45160700,Y
62,63,Hadrosaurinae,Early Campanian,-111.70999900,37.56000100,Y
63,64,Hadrosaurinae,Early Campanian,-111.70999900,37.56000100,Y
64,65,Hadrosaurinae,Early Campanian,-111.90000200,37.59999800,Y
65,66,Hadrosaurinae,Early Campanian,-111.90000200,37.59999800,Y
66,67,Hadrosaurinae,Early Campanian,-74.17861200,40.44638800,Y
67,68,Hadrosaurinae,Early Campanian,-75.03805500,39.95166800,Y
68,69,Hadrosaurinae,Early Campanian,-75.02805300,39.90944300,Y
69,70,Hadrosaurinae,Early Campanian,-88.68166400,34.37638900,Y
70,71,Hadrosaurinae,Early Campanian,-88.49250000,33.51250100,Y
71,72,Tyrannosauridae,Early Campanian,-112.18277700,47.81250000,Y
72,73,Tyrannosauridae,Early Campanian,-108.93599700,47.78748700,Y
73,74,Tyrannosauridae,Early Campanian,-105.20054600,38.37305500,Y
74,75,Tyrannosauridae,Early Campanian,-113.75000000,48.63000100,Y
75,76,Tyrannosauridae,Early Campanian,-107.03694200,38.83250000,Y
76,77,Tyrannosauridae,Early Campanian,-112.27610800,47.99000200,Y
77,78,Tyrannosauridae,Early Campanian,-112.58283200,47.63467800,Y
78,79,Tyrannosauridae,Early Campanian,-113.75000000,48.63330100,Y
79,80,Tyrannosauridae,Early Campanian,-112.58283200,47.63467800,Y
80,81,Tyrannosauridae,Early Campanian,-112.89910900,37.59166700,Y
81,82,Tyrannosauridae,Early Campanian,-108.66702300,35.39835700,Y
82,83,Tyrannosauridae,Early Campanian,-78.49730700,34.57168200,Y
83,84,Tyrannosauridae,Early Campanian,-111.64666700,37.19111300,Y
84,85,Tyrannosauridae,Early Campanian,-110.93019100,38.06769900,Y
85,86,Tyrannosauridae,Early Campanian,-110.93714900,38.05400100,Y
86,87,Tyrannosauridae,Early Campanian,-111.00469200,38.08388500,Y
87,88,Tyrannosauridae,Early Campanian,-111.90000200,37.59999800,Y
88,89,Tyrannosauridae,Early Campanian,-111.00000000,49.59999800,Y
89,90,Tyrannosauridae,Early Campanian,-113.75000000,48.63330100,Y
90,91,Tyrannosauridae,Early Campanian,-106.94114700,35.32031600,Y
91,92,Tyrannosauridae,Early Campanian,-85.31720000,32.12580100,Y
92,93,Tyrannosauridae,Early Campanian,-113.75000000,48.63330100,Y
93,94,Ceratopsidae,Middle Campanian,-103.33333600,29.66666800,Y
94,95,Ceratopsidae,Middle Campanian,-110.70111100,45.63722200,Y
95,96,Ceratopsidae,Middle Campanian,-111.13897700,50.06868400,Y
96,97,Ceratopsidae,Middle Campanian,-110.87247500,49.12765500,Y
97,98,Ceratopsidae,Middle Campanian,-110.87452700,49.12788000,Y
98,99,Ceratopsidae,Middle Campanian,-111.35694100,49.50722100,Y
99,100,Ceratopsidae,Middle Campanian,-113.88710000,53.34489800,Y
100,101,Ceratopsidae,Middle Campanian,-109.90000200,46.20000100,Y
101,102,Ceratopsidae,Middle Campanian,-109.61916400,47.74027600,Y
102,103,Ceratopsidae,Middle Campanian,-108.94694500,47.77222100,Y
103,104,Ceratopsidae,Middle Campanian,-109.00000000,47.89860900,Y
104,105,Ceratopsidae,Middle Campanian,-109.61916400,47.74027600,Y
105,106,Ceratopsidae,Middle Campanian,-109.58969900,47.80820100,Y
106,107,Ceratopsidae,Middle Campanian,-109.90000200,46.20000100,Y
107,108,Ceratopsidae,Middle Campanian,-109.90000200,46.20000100,Y
108,109,Ceratopsidae,Middle Campanian,-109.66333000,46.40000200,Y
109,110,Ceratopsidae,Middle Campanian,-109.11000100,46.09999800,Y
110,111,Ceratopsidae,Middle Campanian,-109.50000000,49.09999800,Y
111,112,Ceratopsidae,Middle Campanian,-110.56207300,48.94516800,Y
112,113,Ceratopsidae,Middle Campanian,-107.83333600,50.50000000,Y
113,114,Ceratopsidae,Middle Campanian,-110.56207300,48.94516800,Y
114,115,Ceratopsidae,Middle Campanian,-110.61666900,48.95000100,Y
115,116,Ceratopsidae,Middle Campanian,-109.67548400,48.61456300,Y
116,117,Ceratopsidae,Middle Campanian,-108.00109900,46.76002500,Y
117,118,Ceratopsidae,Middle Campanian,-108.00109900,46.76002500,Y
118,119,Ceratopsidae,Middle Campanian,-111.80000300,50.73000000,Y
119,120,Ceratopsidae,Middle Campanian,-110.72221400,49.15910000,Y
120,121,Ceratopsidae,Middle Campanian,-110.71945200,49.16178900,Y
121,122,Ceratopsidae,Middle Campanian,-110.70282000,49.07584400,Y
122,123,Ceratopsidae,Middle Campanian,-112.20555900,49.28638800,Y
123,124,Ceratopsidae,Middle Campanian,-110.93898800,49.09802200,Y
124,125,Ceratopsidae,Middle Campanian,-110.93966700,49.10004800,Y
125,126,Ceratopsidae,Middle Campanian,-110.94104000,49.10184900,Y
126,127,Ceratopsidae,Middle Campanian,-110.84006500,49.08196300,Y
127,128,Ceratopsidae,Middle Campanian,-110.84845700,49.13797000,Y
128,129,Ceratopsidae,Middle Campanian,-111.53141800,50.75544000,Y
129,130,Ceratopsidae,Middle Campanian,-110.59750400,49.20010000,Y
130,131,Ceratopsidae,Middle Campanian,-111.49940500,50.76209300,Y
131,132,Ceratopsidae,Middle Campanian,-111.51153600,50.75238400,Y
132,133,Ceratopsidae,Middle Campanian,-110.07540900,50.73262000,Y
133,134,Ceratopsidae,Middle Campanian,-110.08892100,50.73003000,Y
134,135,Ceratopsidae,Middle Campanian,-111.40825700,50.75122100,Y
135,136,Ceratopsidae,Middle Campanian,-110.86268600,49.12089900,Y
136,137,Ceratopsidae,Middle Campanian,-111.39306600,50.75865900,Y
137,138,Ceratopsidae,Middle Campanian,-110.86268600,49.12089900,Y
138,139,Ceratopsidae,Middle Campanian,-112.65000200,48.96659900,Y
139,140,Ceratopsidae,Middle Campanian,-112.65000200,48.96659900,Y
140,141,Ceratopsidae,Middle Campanian,-112.70839700,48.96460000,Y
141,142,Ceratopsidae,Middle Campanian,-112.66439800,48.96460000,Y
142,143,Ceratopsidae,Middle Campanian,-113.75000000,48.63000100,Y
143,144,Ceratopsidae,Middle Campanian,-112.65000200,48.96659900,Y
144,145,Ceratopsidae,Middle Campanian,-112.65000200,48.96659900,Y
145,146,Ceratopsidae,Middle Campanian,-112.64240300,48.93550100,Y
146,147,Ceratopsidae,Middle Campanian,-112.64240300,48.93550100,Y
147,148,Ceratopsidae,Middle Campanian,-111.62879200,37.52536800,Y
148,149,Ceratopsidae,Middle Campanian,-110.44999700,48.99972200,Y
149,150,Ceratopsidae,Middle Campanian,-110.59330000,49.11280100,Y
150,151,Ceratopsidae,Middle Campanian,-111.40917200,50.74884000,Y
151,152,Ceratopsidae,Middle Campanian,-111.60805500,50.81499900,Y
152,153,Ceratopsidae,Middle Campanian,-112.70839700,48.96460000,Y
153,154,Hadrosauridae,Middle Campanian,-103.33333600,29.66666800,Y
154,155,Hadrosauridae,Middle Campanian,-103.33667000,28.92138900,Y
155,156,Hadrosauridae,Middle Campanian,-103.44558000,28.61947300,Y
156,157,Hadrosauridae,Middle Campanian,-103.44558000,28.61947300,Y
157,158,Hadrosauridae,Middle Campanian,-103.44558000,28.61947300,Y
158,159,Hadrosauridae,Middle Campanian,-103.41321600,28.94736100,Y
159,160,Hadrosauridae,Middle Campanian,-103.44558000,28.61947300,Y
160,161,Hadrosauridae,Middle Campanian,-103.44558000,28.61947300,Y
161,162,Hadrosauridae,Middle Campanian,-103.44558000,28.61947300,Y
162,163,Hadrosauridae,Middle Campanian,-103.50412800,29.30156100,Y
163,164,Hadrosauridae,Middle Campanian,-85.02666500,32.16416500,Y
164,165,Hadrosauridae,Middle Campanian,-85.13939700,32.17789800,Y
165,166,Hadrosauridae,Middle Campanian,-85.31720000,32.12580100,Y
166,167,Hadrosauridae,Middle Campanian,-157.84199500,56.81499900,Y
167,168,Hadrosauridae,Middle Campanian,-89.46138800,35.57333400,Y
168,169,Hadrosauridae,Middle Campanian,-111.47653200,50.75160200,Y
169,170,Hadrosauridae,Middle Campanian,-111.46327200,50.74102800,Y
170,171,Hadrosauridae,Middle Campanian,-111.46327200,50.74102800,Y
171,172,Hadrosauridae,Middle Campanian,-111.13897700,50.06868400,Y
172,173,Hadrosauridae,Middle Campanian,-110.87247500,49.12765500,Y
173,174,Hadrosauridae,Middle Campanian,-110.87452700,49.12788000,Y
174,175,Hadrosauridae,Middle Campanian,-110.76667000,50.04999900,Y
175,176,Hadrosauridae,Middle Campanian,-111.66666400,49.75000000,Y
176,177,Hadrosauridae,Middle Campanian,-112.51667000,51.38333100,Y
177,178,Hadrosauridae,Middle Campanian,-113.03934500,49.94543100,Y
178,179,Hadrosauridae,Middle Campanian,-113.88710000,53.34489800,Y
179,180,Hadrosauridae,Middle Campanian,-108.90972100,48.00694300,Y
180,181,Hadrosauridae,Middle Campanian,-110.61666900,48.95000100,Y
181,182,Hadrosauridae,Middle Campanian,-109.61916400,47.74027600,Y
182,183,Hadrosauridae,Middle Campanian,-109.61777500,47.73583200,Y
183,184,Hadrosauridae,Middle Campanian,-109.58969900,47.80820100,Y
184,185,Hadrosauridae,Middle Campanian,-109.58969900,47.80820100,Y
185,186,Hadrosauridae,Middle Campanian,-110.58329800,48.91669800,Y
186,187,Hadrosauridae,Middle Campanian,-110.58329800,48.93330000,Y
187,188,Hadrosauridae,Middle Campanian,-110.58329800,48.93330000,Y
188,189,Hadrosauridae,Middle Campanian,-109.29720300,46.46509900,Y
189,190,Hadrosauridae,Middle Campanian,-109.90000200,46.20000100,Y
190,191,Hadrosauridae,Middle Campanian,-109.90000200,46.20000100,Y
191,192,Hadrosauridae,Middle Campanian,-109.90000200,46.20000100,Y
192,193,Hadrosauridae,Middle Campanian,-109.90000200,46.20000100,Y
193,194,Hadrosauridae,Middle Campanian,-109.90000200,46.20000100,Y
194,195,Hadrosauridae,Middle Campanian,-109.09999800,46.09999800,Y
195,196,Hadrosauridae,Middle Campanian,-109.90000200,46.20000100,Y
196,197,Hadrosauridae,Middle Campanian,-109.66333000,46.40000200,Y
197,198,Hadrosauridae,Middle Campanian,-109.66333000,46.40000200,Y
198,199,Hadrosauridae,Middle Campanian,-109.50000000,49.09999800,Y
199,200,Hadrosauridae,Middle Campanian,-108.94766200,47.77220900,Y
200,201,Hadrosauridae,Middle Campanian,-109.59166700,46.24222200,Y
201,202,Hadrosauridae,Middle Campanian,-109.59166700,46.24222200,Y
202,203,Hadrosauridae,Middle Campanian,-109.98666400,48.56778000,Y
203,204,Hadrosauridae,Middle Campanian,-109.63655100,47.71871200,Y
204,205,Hadrosauridae,Middle Campanian,-107.77833600,48.56222200,Y
205,206,Hadrosauridae,Middle Campanian,-107.89504200,48.59629400,Y
206,207,Hadrosauridae,Middle Campanian,-107.83333600,50.50000000,Y
207,208,Hadrosauridae,Middle Campanian,-110.10519400,48.65572000,Y
208,209,Hadrosauridae,Middle Campanian,-109.67548400,48.61456300,Y
209,210,Hadrosauridae,Middle Campanian,-111.62999700,45.82000000,Y
210,211,Hadrosauridae,Middle Campanian,-109.66506200,47.94311500,Y
211,212,Hadrosauridae,Middle Campanian,-109.67548400,48.61456300,Y
212,213,Hadrosauridae,Middle Campanian,-104.03439300,45.32578700,Y
213,214,Hadrosauridae,Middle Campanian,-109.51008600,46.28247100,Y
214,215,Hadrosauridae,Middle Campanian,-109.31783300,46.28562900,Y
215,216,Hadrosauridae,Middle Campanian,-104.47374700,45.52338800,Y
216,217,Hadrosauridae,Middle Campanian,-109.51008600,46.28247100,Y
217,218,Hadrosauridae,Middle Campanian,-108.00109900,46.76002500,Y
218,219,Hadrosauridae,Middle Campanian,-108.00109900,46.76002500,Y
219,220,Hadrosauridae,Middle Campanian,-108.00109900,46.76002500,Y
220,221,Hadrosauridae,Middle Campanian,-107.73823500,48.57233800,Y
221,222,Hadrosauridae,Middle Campanian,-109.90000200,46.20000100,Y
222,223,Hadrosauridae,Middle Campanian,-108.93840000,39.36750000,Y
223,224,Hadrosauridae,Middle Campanian,-108.66702300,35.39835700,Y
224,225,Hadrosauridae,Middle Campanian,-110.71945200,49.16178900,Y
225,226,Hadrosauridae,Middle Campanian,-110.70282000,49.07584400,Y
226,227,Hadrosauridae,Middle Campanian,-112.20555900,49.28638800,Y
227,228,Hadrosauridae,Middle Campanian,-111.62000300,50.59999800,Y
228,229,Hadrosauridae,Middle Campanian,-111.62000300,50.59999800,Y
229,230,Hadrosauridae,Middle Campanian,-111.62000300,50.59999800,Y
230,231,Hadrosauridae,Middle Campanian,-111.51153600,50.75238400,Y
231,232,Hadrosauridae,Middle Campanian,-110.93898800,49.09802200,Y
232,233,Hadrosauridae,Middle Campanian,-110.93966700,49.10004800,Y
233,234,Hadrosauridae,Middle Campanian,-110.94104000,49.10184900,Y
234,235,Hadrosauridae,Middle Campanian,-110.84006500,49.08196300,Y
235,236,Hadrosauridae,Middle Campanian,-110.84845700,49.13797000,Y
236,237,Hadrosauridae,Middle Campanian,-111.53141800,50.75544000,Y
237,238,Hadrosauridae,Middle Campanian,-111.32196800,50.82914000,Y
238,239,Hadrosauridae,Middle Campanian,-111.52387200,50.76500700,Y
239,240,Hadrosauridae,Middle Campanian,-110.91010300,50.64355100,Y
240,241,Hadrosauridae,Middle Campanian,-110.07540900,50.73262000,Y
241,242,Hadrosauridae,Middle Campanian,-110.08892100,50.73003000,Y
242,243,Hadrosauridae,Middle Campanian,-111.40825700,50.75122100,Y
243,244,Hadrosauridae,Middle Campanian,-111.14399700,50.85879900,Y
244,245,Hadrosauridae,Middle Campanian,-106.88210300,47.65420200,Y
245,246,Hadrosauridae,Middle Campanian,-108.97583000,41.76944400,Y
246,247,Hadrosauridae,Middle Campanian,-112.18277700,47.81250000,Y
247,248,Hadrosauridae,Middle Campanian,-113.75000000,48.63000100,Y
248,249,Hadrosauridae,Middle Campanian,-113.75000000,48.63330100,Y
249,250,Hadrosauridae,Middle Campanian,-112.70111800,48.47920200,Y
250,251,Hadrosauridae,Middle Campanian,-113.75000000,48.63330100,Y
251,252,Hadrosauridae,Middle Campanian,-112.65000200,48.96659900,Y
252,253,Hadrosauridae,Middle Campanian,-112.18277700,47.81250000,Y
253,254,Hadrosauridae,Middle Campanian,-112.64201400,48.91082000,Y
254,255,Hadrosauridae,Middle Campanian,-112.64201400,48.91082000,Y
255,256,Hadrosauridae,Middle Campanian,-112.64201400,48.91082000,Y
256,257,Hadrosauridae,Middle Campanian,-112.64201400,48.91082000,Y
257,258,Hadrosauridae,Middle Campanian,-112.64201400,48.91082000,Y
258,259,Hadrosauridae,Middle Campanian,-112.64201400,48.91082000,Y
259,260,Hadrosauridae,Middle Campanian,-113.75000000,48.63000100,Y
260,261,Hadrosauridae,Middle Campanian,-112.19999700,49.28305400,Y
261,262,Hadrosauridae,Middle Campanian,-112.58338900,48.48303200,Y
262,263,Hadrosauridae,Middle Campanian,-112.47000100,48.46361200,Y
263,264,Hadrosauridae,Middle Campanian,-112.58283200,47.63467800,Y
264,265,Hadrosauridae,Middle Campanian,-112.64240300,48.93550100,Y
265,266,Hadrosauridae,Middle Campanian,-113.75000000,48.63000100,Y
266,267,Hadrosauridae,Middle Campanian,-112.64240300,48.93550100,Y
267,268,Hadrosauridae,Middle Campanian,-112.64240300,48.93550100,Y
268,269,Hadrosauridae,Middle Campanian,-112.64240300,48.93550100,Y
269,270,Hadrosauridae,Middle Campanian,-112.73194100,48.73694200,Y
270,271,Hadrosauridae,Middle Campanian,-112.45194200,48.46694600,Y
271,272,Hadrosauridae,Middle Campanian,-112.33528100,48.30194500,Y
272,273,Hadrosauridae,Middle Campanian,-112.33528100,48.30194500,Y
273,274,Hadrosauridae,Middle Campanian,-112.65065800,48.93796500,Y
274,275,Hadrosauridae,Middle Campanian,-112.27610800,47.99000200,Y
275,276,Hadrosauridae,Middle Campanian,-112.65065800,48.93796500,Y
276,277,Hadrosauridae,Middle Campanian,-112.58283200,47.63467800,Y
277,278,Hadrosauridae,Middle Campanian,-112.65331300,48.34660000,Y
278,279,Hadrosauridae,Middle Campanian,-112.64240300,48.93550100,Y
279,280,Hadrosauridae,Middle Campanian,-112.06620800,48.46247900,Y
280,281,Hadrosauridae,Middle Campanian,-112.50336500,47.82307100,Y
281,282,Hadrosauridae,Middle Campanian,-112.43002300,48.48468000,Y
282,283,Hadrosauridae,Middle Campanian,-113.75000000,48.63330100,Y
283,284,Hadrosauridae,Middle Campanian,-113.75000000,48.63330100,Y
284,285,Hadrosauridae,Middle Campanian,-112.96666700,48.65000200,Y
285,286,Hadrosauridae,Middle Campanian,-112.28756700,47.76810100,Y
286,287,Hadrosauridae,Middle Campanian,-111.53196000,37.45160700,Y
287,288,Hadrosauridae,Middle Campanian,-111.70999900,37.56000100,Y
288,289,Hadrosauridae,Middle Campanian,-111.70999900,37.56000100,Y
289,290,Hadrosauridae,Middle Campanian,-111.90000200,37.59999800,Y
290,291,Hadrosauridae,Middle Campanian,-111.90000200,37.59999800,Y
291,292,Hadrosauridae,Middle Campanian,-119.36666900,55.04999900,Y
292,293,Hadrosauridae,Middle Campanian,-74.17861200,40.44638800,Y
293,294,Hadrosauridae,Middle Campanian,-75.03805500,39.95166800,Y
294,295,Hadrosauridae,Middle Campanian,-110.93354000,37.97065700,Y
295,296,Hadrosauridae,Middle Campanian,-110.97040600,38.00691200,Y
296,297,Hadrosauridae,Middle Campanian,-111.46589700,50.66970100,Y
297,298,Tyrannosauridae,Middle Campanian,-85.02666500,32.16416500,Y
298,299,Tyrannosauridae,Middle Campanian,-85.31720000,32.12580100,Y
299,300,Tyrannosauridae,Middle Campanian,-111.46327200,50.74102800,Y
300,301,Tyrannosauridae,Middle Campanian,-108.93599700,47.78748700,Y
301,302,Tyrannosauridae,Middle Campanian,-111.13897700,50.06868400,Y
302,303,Tyrannosauridae,Middle Campanian,-110.87247500,49.12765500,Y
303,304,Tyrannosauridae,Middle Campanian,-110.87452700,49.12788000,Y
304,305,Tyrannosauridae,Middle Campanian,-110.76667000,50.04999900,Y
305,306,Tyrannosauridae,Middle Campanian,-113.88710000,53.34489800,Y
306,307,Tyrannosauridae,Middle Campanian,-110.58329800,48.93330000,Y
307,308,Tyrannosauridae,Middle Campanian,-109.90000200,46.20000100,Y
308,309,Tyrannosauridae,Middle Campanian,-109.66333000,46.40000200,Y
309,310,Tyrannosauridae,Middle Campanian,-109.50000000,49.09999800,Y
310,311,Tyrannosauridae,Middle Campanian,-107.83333600,50.50000000,Y
311,312,Tyrannosauridae,Middle Campanian,-108.94766200,47.77220900,Y
312,313,Tyrannosauridae,Middle Campanian,-108.00109900,46.76002500,Y
313,314,Tyrannosauridae,Middle Campanian,-108.00109900,46.76002500,Y
314,315,Tyrannosauridae,Middle Campanian,-110.72221400,49.15910000,Y
315,316,Tyrannosauridae,Middle Campanian,-110.71945200,49.16178900,Y
316,317,Tyrannosauridae,Middle Campanian,-110.70282000,49.07584400,Y
317,318,Tyrannosauridae,Middle Campanian,-111.61666900,50.68800000,Y
318,319,Tyrannosauridae,Middle Campanian,-111.62000300,50.65000200,Y
319,320,Tyrannosauridae,Middle Campanian,-111.61666900,50.68800000,Y
320,321,Tyrannosauridae,Middle Campanian,-111.62000300,50.65000200,Y
321,322,Tyrannosauridae,Middle Campanian,-111.61666900,50.68800000,Y
322,323,Tyrannosauridae,Middle Campanian,-112.20555900,49.28638800,Y
323,324,Tyrannosauridae,Middle Campanian,-111.48500800,50.75152600,Y
324,325,Tyrannosauridae,Middle Campanian,-111.51153600,50.75238400,Y
325,326,Tyrannosauridae,Middle Campanian,-110.93898800,49.09802200,Y
326,327,Tyrannosauridae,Middle Campanian,-110.93966700,49.10004800,Y
327,328,Tyrannosauridae,Middle Campanian,-110.94104000,49.10184900,Y
328,329,Tyrannosauridae,Middle Campanian,-110.84006500,49.08196300,Y
329,330,Tyrannosauridae,Middle Campanian,-112.27610800,47.99000200,Y
330,331,Tyrannosauridae,Middle Campanian,-112.58283200,47.63467800,Y
331,332,Tyrannosauridae,Middle Campanian,-113.75000000,48.63330100,Y
332,333,Tyrannosauridae,Middle Campanian,-112.58283200,47.63467800,Y
333,334,Tyrannosauridae,Middle Campanian,-113.75000000,48.63330100,Y
334,335,Tyrannosauridae,Middle Campanian,-112.96666700,48.65000200,Y
335,336,Tyrannosauridae,Middle Campanian,-105.20054600,38.37305500,Y
336,337,Tyrannosauridae,Middle Campanian,-107.03694200,38.83250000,Y
337,338,Tyrannosauridae,Middle Campanian,-78.45417000,34.55416900,Y
338,339,Tyrannosauridae,Middle Campanian,-110.97075700,38.00278900,Y
339,340,Tyrannosauridae,Middle Campanian,-110.97040600,38.00691200,Y
340,341,Ceratopsidae,Late Campanian,-103.33333600,29.66666800,Y
341,342,Ceratopsidae,Late Campanian,-103.51667000,29.31666800,Y
342,343,Ceratopsidae,Late Campanian,-103.19999700,29.20000100,Y
343,344,Ceratopsidae,Late Campanian,-103.20147700,29.17441900,Y
344,345,Ceratopsidae,Late Campanian,-103.20147700,29.17441900,Y
345,346,Ceratopsidae,Late Campanian,-103.55074300,29.25158900,Y
346,347,Ceratopsidae,Late Campanian,-103.63713100,29.22520100,Y
347,348,Ceratopsidae,Late Campanian,-103.25000000,29.25000000,Y
348,349,Ceratopsidae,Late Campanian,-103.55000300,29.20000100,Y
349,350,Ceratopsidae,Late Campanian,-103.36669900,28.90000000,Y
350,351,Ceratopsidae,Late Campanian,-103.16987600,29.10479200,Y
351,352,Ceratopsidae,Late Campanian,-103.16987600,29.10479200,Y
352,353,Ceratopsidae,Late Campanian,-103.25000000,29.25000000,Y
353,354,Ceratopsidae,Late Campanian,-109.22460200,41.64250200,Y
354,355,Ceratopsidae,Late Campanian,-109.20539900,41.71670200,Y
355,356,Ceratopsidae,Late Campanian,-111.51190200,50.69879900,Y
356,357,Ceratopsidae,Late Campanian,-101.40000200,25.70000100,Y
357,358,Ceratopsidae,Late Campanian,-101.40027600,25.50000000,Y
358,359,Ceratopsidae,Late Campanian,-101.80000300,25.36667100,Y
359,360,Ceratopsidae,Late Campanian,-101.40027600,25.50000000,Y
360,361,Ceratopsidae,Late Campanian,-101.69999700,25.50000000,Y
361,362,Ceratopsidae,Late Campanian,-109.61496700,31.07819000,Y
362,363,Ceratopsidae,Late Campanian,-111.52893100,50.73729700,Y
363,364,Ceratopsidae,Late Campanian,-111.56578100,50.74221400,Y
364,365,Ceratopsidae,Late Campanian,-111.32457000,50.81501400,Y
365,366,Ceratopsidae,Late Campanian,-111.51389300,50.73420700,Y
366,367,Ceratopsidae,Late Campanian,-111.52458200,50.72723400,Y
367,368,Ceratopsidae,Late Campanian,-111.48465700,50.75055300,Y
368,369,Ceratopsidae,Late Campanian,-111.49421700,50.73609200,Y
369,370,Ceratopsidae,Late Campanian,-111.48465700,50.75055300,Y
370,371,Ceratopsidae,Late Campanian,-110.26667000,49.95000100,Y
371,372,Ceratopsidae,Late Campanian,-111.30000300,50.73333400,Y
372,373,Ceratopsidae,Late Campanian,-111.80000300,50.73000000,Y
373,374,Ceratopsidae,Late Campanian,-111.50000000,50.77999900,Y
374,375,Ceratopsidae,Late Campanian,-111.49465200,50.73698800,Y
375,376,Ceratopsidae,Late Campanian,-111.48005700,50.73704900,Y
376,377,Ceratopsidae,Late Campanian,-111.45848800,50.74900400,Y
377,378,Ceratopsidae,Late Campanian,-111.50212900,50.74765800,Y
378,379,Ceratopsidae,Late Campanian,-111.59662600,50.78179900,Y
379,380,Ceratopsidae,Late Campanian,-111.48926500,50.74541900,Y
380,381,Ceratopsidae,Late Campanian,-111.62432900,50.79140100,Y
381,382,Ceratopsidae,Late Campanian,-111.46303600,50.75006900,Y
382,383,Ceratopsidae,Late Campanian,-111.51467900,50.76720800,Y
383,384,Ceratopsidae,Late Campanian,-111.52496300,50.74854700,Y
384,385,Ceratopsidae,Late Campanian,-111.57762100,50.81205400,Y
385,386,Ceratopsidae,Late Campanian,-111.47472400,50.75027800,Y
386,387,Ceratopsidae,Late Campanian,-111.51491500,50.74993900,Y
387,388,Ceratopsidae,Late Campanian,-111.39872000,50.75480300,Y
388,389,Ceratopsidae,Late Campanian,-111.63166000,50.80934500,Y
389,390,Ceratopsidae,Late Campanian,-111.32554600,50.78130300,Y
390,391,Ceratopsidae,Late Campanian,-110.41580200,49.14189900,Y
391,392,Ceratopsidae,Late Campanian,-111.39514900,50.74782600,Y
392,393,Ceratopsidae,Late Campanian,-111.51458000,50.73985300,Y
393,394,Ceratopsidae,Late Campanian,-111.50717900,50.74224100,Y
394,395,Ceratopsidae,Late Campanian,-111.46888700,50.74998100,Y
395,396,Ceratopsidae,Late Campanian,-111.58543400,50.81137800,Y
396,397,Ceratopsidae,Late Campanian,-111.42977100,50.75688600,Y
397,398,Ceratopsidae,Late Campanian,-111.63071400,50.80012500,Y
398,399,Ceratopsidae,Late Campanian,-111.61387600,50.78982900,Y
399,400,Ceratopsidae,Late Campanian,-111.50865900,50.73289100,Y
400,401,Ceratopsidae,Late Campanian,-111.46599600,50.74885200,Y
401,402,Ceratopsidae,Late Campanian,-111.56653600,50.73304700,Y
402,403,Ceratopsidae,Late Campanian,-111.60205100,50.82088100,Y
403,404,Ceratopsidae,Late Campanian,-111.60958100,50.78994400,Y
404,405,Ceratopsidae,Late Campanian,-111.51197100,50.73328000,Y
405,406,Ceratopsidae,Late Campanian,-111.59955600,50.81909600,Y
406,407,Ceratopsidae,Late Campanian,-111.39827000,50.75490200,Y
407,408,Ceratopsidae,Late Campanian,-111.41445200,50.74898900,Y
408,409,Ceratopsidae,Late Campanian,-111.51661700,50.74658600,Y
409,410,Ceratopsidae,Late Campanian,-111.50966600,50.73679000,Y
410,411,Ceratopsidae,Late Campanian,-111.48320800,50.74029900,Y
411,412,Ceratopsidae,Late Campanian,-111.51331300,50.74354600,Y
412,413,Ceratopsidae,Late Campanian,-111.56716900,50.74364500,Y
413,414,Ceratopsidae,Late Campanian,-111.57168600,50.74330900,Y
414,415,Ceratopsidae,Late Campanian,-111.49064600,50.74743700,Y
415,416,Ceratopsidae,Late Campanian,-111.58017000,50.81271000,Y
416,417,Ceratopsidae,Late Campanian,-111.57949800,50.79421200,Y
417,418,Ceratopsidae,Late Campanian,-111.57590500,50.74125700,Y
418,419,Ceratopsidae,Late Campanian,-111.85598800,50.82221600,Y
419,420,Ceratopsidae,Late Campanian,-111.61499800,50.82083100,Y
420,421,Ceratopsidae,Late Campanian,-110.48239900,49.14189900,Y
421,422,Ceratopsidae,Late Campanian,-111.52458200,50.72723400,Y
422,423,Ceratopsidae,Late Campanian,-111.51660200,50.74169900,Y
423,424,Ceratopsidae,Late Campanian,-111.51969900,50.76919900,Y
424,425,Ceratopsidae,Late Campanian,-111.52780200,50.77209900,Y
425,426,Ceratopsidae,Late Campanian,-111.43540200,50.76340100,Y
426,427,Ceratopsidae,Late Campanian,-111.42540000,50.76330200,Y
427,428,Ceratopsidae,Late Campanian,-111.59619900,50.82669800,Y
428,429,Ceratopsidae,Late Campanian,-111.51870000,50.74300000,Y
429,430,Ceratopsidae,Late Campanian,-111.40930200,50.75149900,Y
430,431,Ceratopsidae,Late Campanian,-111.49030300,50.76120000,Y
431,432,Ceratopsidae,Late Campanian,-111.40409900,50.75159800,Y
432,433,Ceratopsidae,Late Campanian,-111.48940300,50.75550100,Y
433,434,Ceratopsidae,Late Campanian,-111.57540100,50.79470100,Y
434,435,Ceratopsidae,Late Campanian,-111.47380100,50.75360100,Y
435,436,Ceratopsidae,Late Campanian,-111.47139700,50.75400200,Y
436,437,Ceratopsidae,Late Campanian,-111.49181400,50.73717900,Y
437,438,Ceratopsidae,Late Campanian,-111.51728800,50.74008900,Y
438,439,Ceratopsidae,Late Campanian,-111.47850800,50.73841100,Y
439,440,Ceratopsidae,Late Campanian,-111.50717900,50.73020200,Y
440,441,Ceratopsidae,Late Campanian,-111.52468900,50.75587800,Y
441,442,Ceratopsidae,Late Campanian,-111.30466500,50.84381100,Y
442,443,Ceratopsidae,Late Campanian,-111.37136800,50.75770200,Y
443,444,Ceratopsidae,Late Campanian,-111.30466500,50.84380700,Y
444,445,Ceratopsidae,Late Campanian,-111.48636600,50.72475100,Y
445,446,Ceratopsidae,Late Campanian,-111.46823900,50.72482700,Y
446,447,Ceratopsidae,Late Campanian,-110.38565800,51.43878200,Y
447,448,Ceratopsidae,Late Campanian,-110.38569600,51.43608500,Y
448,449,Ceratopsidae,Late Campanian,-110.38848100,51.46669000,Y
449,450,Ceratopsidae,Late Campanian,-109.16666400,52.44972200,Y
450,451,Ceratopsidae,Late Campanian,-111.45765700,50.77288800,Y
451,452,Ceratopsidae,Late Campanian,-111.51390100,50.75476100,Y
452,453,Ceratopsidae,Late Campanian,-111.62044500,50.82346700,Y
453,454,Ceratopsidae,Late Campanian,-111.48889900,50.75700000,Y
454,455,Ceratopsidae,Late Campanian,-110.24388900,48.02638200,Y
455,456,Ceratopsidae,Late Campanian,-111.23143000,50.82086200,Y
456,457,Ceratopsidae,Late Campanian,-111.32223500,50.81678000,Y
457,458,Ceratopsidae,Late Campanian,-111.55185700,50.74698600,Y
458,459,Ceratopsidae,Late Campanian,-110.44999700,49.06666600,Y
459,460,Ceratopsidae,Late Campanian,-111.37011700,50.75329600,Y
460,461,Ceratopsidae,Late Campanian,-111.54818700,50.71003700,Y
461,462,Ceratopsidae,Late Campanian,-111.47173300,50.74924100,Y
462,463,Ceratopsidae,Late Campanian,-112.98149900,52.08100100,Y
463,464,Ceratopsidae,Late Campanian,-111.62044500,50.82346700,Y
464,465,Ceratopsidae,Late Campanian,-110.84833500,31.69611400,Y
465,466,Ceratopsidae,Late Campanian,-108.22699700,36.28570200,Y
466,467,Ceratopsidae,Late Campanian,-108.20909900,36.27109900,Y
467,468,Ceratopsidae,Late Campanian,-107.97720300,36.15480000,Y
468,469,Ceratopsidae,Late Campanian,-108.46389000,36.62361100,Y
469,470,Ceratopsidae,Late Campanian,-108.08419800,36.31480000,Y
470,471,Ceratopsidae,Late Campanian,-108.08419800,36.21300100,Y
471,472,Ceratopsidae,Late Campanian,-108.01694500,36.32472200,Y
472,473,Ceratopsidae,Late Campanian,-112.87538900,51.61052300,Y
473,474,Ceratopsidae,Late Campanian,-112.58999600,51.40000200,Y
474,475,Ceratopsidae,Late Campanian,-112.87538900,51.61052300,Y
475,476,Ceratopsidae,Late Campanian,-113.88710000,53.34489800,Y
476,477,Ceratopsidae,Late Campanian,-103.31573500,29.40147600,Y
477,478,Ceratopsidae,Late Campanian,-109.63655100,47.71871200,Y
478,479,Ceratopsidae,Late Campanian,-109.49780300,47.52700000,Y
479,480,Ceratopsidae,Late Campanian,-109.90000200,46.20000100,Y
480,481,Ceratopsidae,Late Campanian,-108.94694500,47.77222100,Y
481,482,Ceratopsidae,Late Campanian,-109.00000000,47.89860900,Y
482,483,Ceratopsidae,Late Campanian,-109.58969900,47.80820100,Y
483,484,Ceratopsidae,Late Campanian,-109.90000200,46.20000100,Y
484,485,Ceratopsidae,Late Campanian,-109.90000200,46.20000100,Y
485,486,Ceratopsidae,Late Campanian,-109.66333000,46.40000200,Y
486,487,Ceratopsidae,Late Campanian,-109.11000100,46.09999800,Y
487,488,Ceratopsidae,Late Campanian,-109.50000000,49.09999800,Y
488,489,Ceratopsidae,Late Campanian,-107.83333600,50.50000000,Y
489,490,Ceratopsidae,Late Campanian,-109.67548400,48.61456300,Y
490,491,Ceratopsidae,Late Campanian,-108.00109900,46.76002500,Y
491,492,Ceratopsidae,Late Campanian,-108.00109900,46.76002500,Y
492,493,Ceratopsidae,Late Campanian,-111.86027500,37.62916600,Y
493,494,Ceratopsidae,Late Campanian,-111.74478900,37.55925400,Y
494,495,Ceratopsidae,Late Campanian,-111.74478900,37.55925400,Y
495,496,Ceratopsidae,Late Campanian,-111.76248900,37.52984200,Y
496,497,Ceratopsidae,Late Campanian,-111.76248900,37.52984200,Y
497,498,Ceratopsidae,Late Campanian,-111.72132100,37.49131400,Y
498,499,Ceratopsidae,Late Campanian,-111.69746400,37.46912400,Y
499,500,Ceratopsidae,Late Campanian,-111.69746400,37.46912400,Y
500,501,Ceratopsidae,Late Campanian,-111.69746400,37.46912400,Y
501,502,Ceratopsidae,Late Campanian,-111.73442100,37.42000600,Y
502,503,Ceratopsidae,Late Campanian,-111.85647600,37.62481700,Y
503,504,Ceratopsidae,Late Campanian,-111.85647600,37.62481700,Y
504,505,Ceratopsidae,Late Campanian,-108.08419800,36.31480000,Y
505,506,Ceratopsidae,Late Campanian,-107.88919800,36.18610000,Y
506,507,Ceratopsidae,Late Campanian,-108.56619300,36.35973000,Y
507,508,Ceratopsidae,Late Campanian,-108.22699700,36.28570200,Y
508,509,Ceratopsidae,Late Campanian,-108.29583000,36.70111100,Y
509,510,Ceratopsidae,Late Campanian,-107.90580000,36.16930000,Y
510,511,Ceratopsidae,Late Campanian,-107.90580000,36.16930000,Y
511,512,Ceratopsidae,Late Campanian,-107.88919800,36.18610000,Y
512,513,Ceratopsidae,Late Campanian,-108.08416700,36.34388700,Y
513,514,Ceratopsidae,Late Campanian,-108.09536000,36.28742200,Y
514,515,Ceratopsidae,Late Campanian,-107.27809900,42.85440100,Y
515,516,Ceratopsidae,Late Campanian,-111.80000300,50.73000000,Y
516,517,Ceratopsidae,Late Campanian,-110.72221400,49.15910000,Y
517,518,Ceratopsidae,Late Campanian,-110.71945200,49.16178900,Y
518,519,Ceratopsidae,Late Campanian,-110.70282000,49.07584400,Y
519,520,Ceratopsidae,Late Campanian,-112.20555900,49.28638800,Y
520,521,Ceratopsidae,Late Campanian,-111.62000300,50.63000100,Y
521,522,Ceratopsidae,Late Campanian,-110.68440200,49.07545900,Y
522,523,Ceratopsidae,Late Campanian,-110.68364000,49.07759500,Y
523,524,Ceratopsidae,Late Campanian,-110.70076800,49.07629000,Y
524,525,Ceratopsidae,Late Campanian,-110.70076800,49.07629000,Y
525,526,Ceratopsidae,Late Campanian,-110.71584300,49.07407800,Y
526,527,Ceratopsidae,Late Campanian,-110.73234600,49.18700800,Y
527,528,Ceratopsidae,Late Campanian,-110.73439000,49.19385100,Y
528,529,Ceratopsidae,Late Campanian,-110.65902700,49.07257500,Y
529,530,Ceratopsidae,Late Campanian,-111.52400200,50.74760100,Y
530,531,Ceratopsidae,Late Campanian,-110.57510400,49.36010000,Y
531,532,Ceratopsidae,Late Campanian,-108.13860300,51.55720100,Y
532,533,Ceratopsidae,Late Campanian,-110.06320200,50.72790100,Y
533,534,Ceratopsidae,Late Campanian,-110.08619700,50.74240100,Y
534,535,Ceratopsidae,Late Campanian,-110.59750400,49.20010000,Y
535,536,Ceratopsidae,Late Campanian,-101.39608000,27.87948600,Y
536,537,Ceratopsidae,Late Campanian,-151.42778000,69.52583300,Y
537,538,Ceratopsidae,Late Campanian,-151.00000000,70.00000000,Y
538,539,Ceratopsidae,Late Campanian,-104.41666400,29.56666800,Y
539,540,Ceratopsidae,Late Campanian,-112.99104300,49.91683600,Y
540,541,Ceratopsidae,Late Campanian,-112.98950200,49.91750000,Y
541,542,Ceratopsidae,Late Campanian,-112.98950200,49.91750000,Y
542,543,Ceratopsidae,Late Campanian,-112.99836000,49.91576000,Y
543,544,Ceratopsidae,Late Campanian,-113.00800300,50.18949900,Y
544,545,Ceratopsidae,Late Campanian,-112.65000200,48.96659900,Y
545,546,Ceratopsidae,Late Campanian,-112.65000200,48.96659900,Y
546,547,Ceratopsidae,Late Campanian,-112.70839700,48.96460000,Y
547,548,Ceratopsidae,Late Campanian,-112.66439800,48.96460000,Y
548,549,Ceratopsidae,Late Campanian,-113.75000000,48.63000100,Y
549,550,Ceratopsidae,Late Campanian,-112.65000200,48.96659900,Y
550,551,Ceratopsidae,Late Campanian,-112.65000200,48.96659900,Y
551,552,Ceratopsidae,Late Campanian,-112.64240300,48.93550100,Y
552,553,Ceratopsidae,Late Campanian,-112.64240300,48.93550100,Y
553,554,Ceratopsidae,Late Campanian,-112.64201400,48.97082100,Y
554,555,Ceratopsidae,Late Campanian,-119.10810100,55.06390000,Y
555,556,Ceratopsidae,Late Campanian,-119.55170400,55.06863800,Y
556,557,Ceratopsidae,Late Campanian,-119.52601600,55.08131000,Y
557,558,Ceratopsidae,Late Campanian,-108.84674100,40.03162800,Y
558,559,Ceratopsidae,Late Campanian,-108.86666900,44.98333400,Y
559,560,Ceratopsidae,Late Campanian,-110.44999700,48.99972200,Y
560,561,Ceratopsidae,Late Campanian,-110.59330000,49.11280100,Y
561,562,Ceratopsidae,Late Campanian,-112.95829800,51.74639900,Y
562,563,Ceratopsidae,Late Campanian,-111.40917200,50.74884000,Y
563,564,Ceratopsidae,Late Campanian,-111.60805500,50.81499900,Y
564,565,Hadrosauridae,Late Campanian,-103.33333600,29.66666800,Y
565,566,Hadrosauridae,Late Campanian,-103.33667000,28.92138900,Y
566,567,Hadrosauridae,Late Campanian,-103.44558000,28.61947300,Y
567,568,Hadrosauridae,Late Campanian,-103.44558000,28.61947300,Y
568,569,Hadrosauridae,Late Campanian,-103.44558000,28.61947300,Y
569,570,Hadrosauridae,Late Campanian,-103.41321600,28.94736100,Y
570,571,Hadrosauridae,Late Campanian,-103.44558000,28.61947300,Y
571,572,Hadrosauridae,Late Campanian,-103.44558000,28.61947300,Y
572,573,Hadrosauridae,Late Campanian,-103.44558000,28.61947300,Y
573,574,Hadrosauridae,Late Campanian,-103.51667000,29.31666800,Y
574,575,Hadrosauridae,Late Campanian,-103.19999700,29.20000100,Y
575,576,Hadrosauridae,Late Campanian,-103.25000000,29.25000000,Y
576,577,Hadrosauridae,Late Campanian,-103.55000300,29.20000100,Y
577,578,Hadrosauridae,Late Campanian,-103.36669900,28.90000000,Y
578,579,Hadrosauridae,Late Campanian,-103.16987600,29.10479200,Y
579,580,Hadrosauridae,Late Campanian,-103.16987600,29.10479200,Y
580,581,Hadrosauridae,Late Campanian,-103.16987600,29.10479200,Y
581,582,Hadrosauridae,Late Campanian,-103.16987600,29.10479200,Y
582,583,Hadrosauridae,Late Campanian,-103.33667000,28.92138900,Y
583,584,Hadrosauridae,Late Campanian,-103.56562000,29.22855400,Y
584,585,Hadrosauridae,Late Campanian,-103.16987600,29.10479200,Y
585,586,Hadrosauridae,Late Campanian,-103.36669900,28.90000000,Y
586,587,Hadrosauridae,Late Campanian,-108.76380200,41.68700000,Y
587,588,Hadrosauridae,Late Campanian,-109.19670100,41.77800000,Y
588,589,Hadrosauridae,Late Campanian,-108.74333200,41.62444300,Y
589,590,Hadrosauridae,Late Campanian,-109.13870200,41.86729800,Y
590,591,Hadrosauridae,Late Campanian,-109.60166900,46.25750000,Y
591,592,Hadrosauridae,Late Campanian,-109.12916600,45.82333400,Y
592,593,Hadrosauridae,Late Campanian,-109.31783300,46.28562900,Y
593,594,Hadrosauridae,Late Campanian,-109.60166900,46.25750000,Y
594,595,Hadrosauridae,Late Campanian,-110.48580200,49.36010000,Y
595,596,Hadrosauridae,Late Campanian,-112.89800300,49.52019900,Y
596,597,Hadrosauridae,Late Campanian,-110.50882700,49.34236500,Y
597,598,Hadrosauridae,Late Campanian,-124.43288400,42.32400100,Y
598,599,Hadrosauridae,Late Campanian,-110.86666900,39.72777900,Y
599,600,Hadrosauridae,Late Campanian,-110.86666900,39.72777900,Y
600,601,Hadrosauridae,Late Campanian,-101.11666900,26.11666700,Y
601,602,Hadrosauridae,Late Campanian,-101.80000300,25.36667100,Y
602,603,Hadrosauridae,Late Campanian,-101.41666400,25.46666700,Y
603,604,Hadrosauridae,Late Campanian,-101.38333100,25.51666600,Y
604,605,Hadrosauridae,Late Campanian,-101.40027600,25.50000000,Y
605,606,Hadrosauridae,Late Campanian,-101.75000000,25.50000000,Y
606,607,Hadrosauridae,Late Campanian,-101.40000200,25.70000100,Y
607,608,Hadrosauridae,Late Campanian,-101.40027600,25.50000000,Y
608,609,Hadrosauridae,Late Campanian,-101.69999700,25.50000000,Y
609,610,Hadrosauridae,Late Campanian,-101.30000300,25.66670000,Y
610,611,Hadrosauridae,Late Campanian,-101.69999700,25.50000000,Y
611,612,Hadrosauridae,Late Campanian,-101.69999700,25.50000000,Y
612,613,Hadrosauridae,Late Campanian,-101.69999700,25.50000000,Y
613,614,Hadrosauridae,Late Campanian,-101.22499800,25.93222200,Y
614,615,Hadrosauridae,Late Campanian,-101.40027600,25.50000000,Y
615,616,Hadrosauridae,Late Campanian,-101.40027600,25.50000000,Y
616,617,Hadrosauridae,Late Campanian,-101.80000300,25.36667100,Y
617,618,Hadrosauridae,Late Campanian,-101.80000300,25.36667100,Y
618,619,Hadrosauridae,Late Campanian,-101.35878800,25.54188900,Y
619,620,Hadrosauridae,Late Campanian,-101.35878800,25.54188900,Y
620,621,Hadrosauridae,Late Campanian,-101.35878800,25.54188900,Y
621,622,Hadrosauridae,Late Campanian,-101.80000300,25.36667100,Y
622,623,Hadrosauridae,Late Campanian,-101.47389200,25.37500000,Y
623,624,Hadrosauridae,Late Campanian,-101.22499800,25.93222200,Y
624,625,Hadrosauridae,Late Campanian,-101.22499800,25.93222200,Y
625,626,Hadrosauridae,Late Campanian,-101.22499800,25.93222200,Y
626,627,Hadrosauridae,Late Campanian,-101.40027600,25.50000000,Y
627,628,Hadrosauridae,Late Campanian,-101.40027600,25.50000000,Y
628,629,Hadrosauridae,Late Campanian,-101.69999700,25.47083300,Y
629,630,Hadrosauridae,Late Campanian,-101.69999700,25.47083300,Y
630,631,Hadrosauridae,Late Campanian,-101.40027600,25.50000000,Y
631,632,Hadrosauridae,Late Campanian,-157.84199500,56.81499900,Y
632,633,Hadrosauridae,Late Campanian,-109.61496700,31.07819000,Y
633,634,Hadrosauridae,Late Campanian,-109.79042800,31.12439500,Y
634,635,Hadrosauridae,Late Campanian,-109.79042800,31.12439500,Y
635,636,Hadrosauridae,Late Campanian,-109.79042800,31.12439500,Y
636,637,Hadrosauridae,Late Campanian,-111.46191400,50.75329600,Y
637,638,Hadrosauridae,Late Campanian,-111.52587100,50.72884800,Y
638,639,Hadrosauridae,Late Campanian,-111.51389300,50.73420700,Y
639,640,Hadrosauridae,Late Campanian,-111.52458200,50.72723400,Y
640,641,Hadrosauridae,Late Campanian,-111.39872000,50.75480300,Y
641,642,Hadrosauridae,Late Campanian,-111.32554600,50.78130300,Y
642,643,Hadrosauridae,Late Campanian,-110.47000100,49.11999900,Y
643,644,Hadrosauridae,Late Campanian,-110.47000100,49.11999900,Y
644,645,Hadrosauridae,Late Campanian,-110.47000100,49.11999900,Y
645,646,Hadrosauridae,Late Campanian,-110.47000100,49.11999900,Y
646,647,Hadrosauridae,Late Campanian,-110.47000100,49.11999900,Y
647,648,Hadrosauridae,Late Campanian,-111.50000000,50.77999900,Y
648,649,Hadrosauridae,Late Campanian,-111.48465700,50.75055300,Y
649,650,Hadrosauridae,Late Campanian,-111.49465200,50.73698800,Y
650,651,Hadrosauridae,Late Campanian,-111.48005700,50.73704900,Y
651,652,Hadrosauridae,Late Campanian,-111.45848800,50.74900400,Y
652,653,Hadrosauridae,Late Campanian,-111.51007800,50.74834100,Y
653,654,Hadrosauridae,Late Campanian,-111.50212900,50.74765800,Y
654,655,Hadrosauridae,Late Campanian,-111.48663300,50.75655400,Y
655,656,Hadrosauridae,Late Campanian,-111.62802900,50.80630100,Y
656,657,Hadrosauridae,Late Campanian,-111.60974100,50.79108400,Y
657,658,Hadrosauridae,Late Campanian,-111.62433600,50.80602300,Y
658,659,Hadrosauridae,Late Campanian,-111.48862500,50.75012600,Y
659,660,Hadrosauridae,Late Campanian,-111.48802200,50.74165700,Y
660,661,Hadrosauridae,Late Campanian,-111.61666900,50.68800000,Y
661,662,Hadrosauridae,Late Campanian,-111.62432900,50.79140100,Y
662,663,Hadrosauridae,Late Campanian,-111.46303600,50.75006900,Y
663,664,Hadrosauridae,Late Campanian,-111.51467900,50.76720800,Y
664,665,Hadrosauridae,Late Campanian,-111.50698100,50.75042300,Y
665,666,Hadrosauridae,Late Campanian,-111.52496300,50.74854700,Y
666,667,Hadrosauridae,Late Campanian,-111.57762100,50.81205400,Y
667,668,Hadrosauridae,Late Campanian,-111.47472400,50.75027800,Y
668,669,Hadrosauridae,Late Campanian,-111.51491500,50.74993900,Y
669,670,Hadrosauridae,Late Campanian,-111.63166000,50.80934500,Y
670,671,Hadrosauridae,Late Campanian,-111.55611400,50.73000000,Y
671,672,Hadrosauridae,Late Campanian,-111.47480800,50.74625000,Y
672,673,Hadrosauridae,Late Campanian,-111.50635500,50.75273900,Y
673,674,Hadrosauridae,Late Campanian,-111.51157400,50.73329200,Y
674,675,Hadrosauridae,Late Campanian,-111.55980700,50.74159600,Y
675,676,Hadrosauridae,Late Campanian,-111.60423300,50.82382600,Y
676,677,Hadrosauridae,Late Campanian,-111.62403900,50.80580100,Y
677,678,Hadrosauridae,Late Campanian,-111.51458000,50.73985300,Y
678,679,Hadrosauridae,Late Campanian,-111.50717900,50.74224100,Y
679,680,Hadrosauridae,Late Campanian,-111.51458000,50.73985300,Y
680,681,Hadrosauridae,Late Campanian,-111.49473600,50.73704100,Y
681,682,Hadrosauridae,Late Campanian,-111.53206600,50.73866700,Y
682,683,Hadrosauridae,Late Campanian,-111.49003600,50.74857300,Y
683,684,Hadrosauridae,Late Campanian,-111.48474900,50.74459500,Y
684,685,Hadrosauridae,Late Campanian,-111.44491600,50.74698600,Y
685,686,Hadrosauridae,Late Campanian,-111.44414500,50.74742500,Y
686,687,Hadrosauridae,Late Campanian,-111.42697100,50.76227200,Y
687,688,Hadrosauridae,Late Campanian,-111.61498300,50.80142200,Y
688,689,Hadrosauridae,Late Campanian,-111.60576600,50.79462100,Y
689,690,Hadrosauridae,Late Campanian,-111.59736600,50.79312500,Y
690,691,Hadrosauridae,Late Campanian,-111.61758400,50.78490800,Y
691,692,Hadrosauridae,Late Campanian,-111.62352000,50.78522900,Y
692,693,Hadrosauridae,Late Campanian,-111.56611600,50.76102400,Y
693,694,Hadrosauridae,Late Campanian,-111.63180500,50.82087300,Y
694,695,Hadrosauridae,Late Campanian,-111.42245500,50.76111200,Y
695,696,Hadrosauridae,Late Campanian,-111.60581200,50.79244200,Y
696,697,Hadrosauridae,Late Campanian,-111.51113100,50.57057600,Y
697,698,Hadrosauridae,Late Campanian,-111.51393100,50.73375300,Y
698,699,Hadrosauridae,Late Campanian,-111.50180800,50.73843400,Y
699,700,Hadrosauridae,Late Campanian,-111.36373900,50.78300100,Y
700,701,Hadrosauridae,Late Campanian,-111.36301400,50.78440500,Y
701,702,Hadrosauridae,Late Campanian,-111.40068800,50.75626800,Y
702,703,Hadrosauridae,Late Campanian,-111.56578100,50.74221400,Y
703,704,Hadrosauridae,Late Campanian,-111.48965500,50.74453700,Y
704,705,Hadrosauridae,Late Campanian,-111.49118800,50.74321000,Y
705,706,Hadrosauridae,Late Campanian,-111.54658500,50.73322300,Y
706,707,Hadrosauridae,Late Campanian,-111.51409100,50.75283100,Y
707,708,Hadrosauridae,Late Campanian,-111.49322500,50.74606700,Y
708,709,Hadrosauridae,Late Campanian,-111.48425300,50.73472200,Y
709,710,Hadrosauridae,Late Campanian,-111.51985900,50.73206700,Y
710,711,Hadrosauridae,Late Campanian,-111.46907000,50.74543000,Y
711,712,Hadrosauridae,Late Campanian,-111.47633400,50.75177400,Y
712,713,Hadrosauridae,Late Campanian,-111.51993600,50.73996400,Y
713,714,Hadrosauridae,Late Campanian,-111.50463900,50.74908400,Y
714,715,Hadrosauridae,Late Campanian,-111.49787900,50.76067700,Y
715,716,Hadrosauridae,Late Campanian,-111.50276900,50.73843800,Y
716,717,Hadrosauridae,Late Campanian,-111.52958700,50.75174300,Y
717,718,Hadrosauridae,Late Campanian,-111.47878300,50.74978600,Y
718,719,Hadrosauridae,Late Campanian,-111.50137300,50.74195100,Y
719,720,Hadrosauridae,Late Campanian,-111.48092700,50.74920300,Y
720,721,Hadrosauridae,Late Campanian,-111.50267000,50.74267200,Y
721,722,Hadrosauridae,Late Campanian,-111.55030100,50.74425900,Y
722,723,Hadrosauridae,Late Campanian,-111.57960500,50.79431200,Y
723,724,Hadrosauridae,Late Campanian,-111.58079500,50.79434200,Y
724,725,Hadrosauridae,Late Campanian,-111.50077800,50.73473400,Y
725,726,Hadrosauridae,Late Campanian,-111.45645900,50.76777300,Y
726,727,Hadrosauridae,Late Campanian,-111.39798700,50.76866900,Y
727,728,Hadrosauridae,Late Campanian,-111.45667300,50.77053500,Y
728,729,Hadrosauridae,Late Campanian,-111.39704100,50.79606600,Y
729,730,Hadrosauridae,Late Campanian,-111.41552700,50.76088300,Y
730,731,Hadrosauridae,Late Campanian,-111.55831900,50.72623400,Y
731,732,Hadrosauridae,Late Campanian,-111.47740200,50.74969900,Y
732,733,Hadrosauridae,Late Campanian,-111.57779700,50.81841300,Y
733,734,Hadrosauridae,Late Campanian,-111.48683200,50.74688700,Y
734,735,Hadrosauridae,Late Campanian,-111.48092700,50.74920300,Y
735,736,Hadrosauridae,Late Campanian,-111.60423300,50.82382600,Y
736,737,Hadrosauridae,Late Campanian,-111.49322500,50.74606700,Y
737,738,Hadrosauridae,Late Campanian,-110.81666600,49.45000100,Y
738,739,Hadrosauridae,Late Campanian,-111.52458200,50.72723400,Y
739,740,Hadrosauridae,Late Campanian,-111.49181400,50.73717900,Y
740,741,Hadrosauridae,Late Campanian,-111.37455700,50.76432400,Y
741,742,Hadrosauridae,Late Campanian,-111.51728800,50.74008900,Y
742,743,Hadrosauridae,Late Campanian,-111.47850800,50.73841100,Y
743,744,Hadrosauridae,Late Campanian,-111.50717900,50.73020200,Y
744,745,Hadrosauridae,Late Campanian,-111.52468900,50.75587800,Y
745,746,Hadrosauridae,Late Campanian,-111.30466500,50.84381100,Y
746,747,Hadrosauridae,Late Campanian,-111.37136800,50.75770200,Y
747,748,Hadrosauridae,Late Campanian,-111.30466500,50.84380700,Y
748,749,Hadrosauridae,Late Campanian,-111.48636600,50.72475100,Y
749,750,Hadrosauridae,Late Campanian,-111.46823900,50.72482700,Y
750,751,Hadrosauridae,Late Campanian,-111.52468900,50.75587800,Y
751,752,Hadrosauridae,Late Campanian,-110.38565800,51.43878200,Y
752,753,Hadrosauridae,Late Campanian,-110.38569600,51.43608500,Y
753,754,Hadrosauridae,Late Campanian,-110.38848100,51.46669000,Y
754,755,Hadrosauridae,Late Campanian,-109.16666400,52.44972200,Y
755,756,Hadrosauridae,Late Campanian,-111.45765700,50.77288800,Y
756,757,Hadrosauridae,Late Campanian,-111.51390100,50.75476100,Y
757,758,Hadrosauridae,Late Campanian,-110.55871600,49.35106700,Y
758,759,Hadrosauridae,Late Campanian,-111.51157400,50.73329200,Y
759,760,Hadrosauridae,Late Campanian,-111.49421700,50.73609200,Y
760,761,Hadrosauridae,Late Campanian,-111.60138700,50.66666800,Y
761,762,Hadrosauridae,Late Campanian,-111.62000300,50.59999800,Y
762,763,Hadrosauridae,Late Campanian,-110.24388900,48.02638200,Y
763,764,Hadrosauridae,Late Campanian,-111.50518800,50.74282100,Y
764,765,Hadrosauridae,Late Campanian,-111.47653200,50.75160200,Y
765,766,Hadrosauridae,Late Campanian,-111.46327200,50.74102800,Y
766,767,Hadrosauridae,Late Campanian,-111.46327200,50.74102800,Y
767,768,Hadrosauridae,Late Campanian,-79.52916700,34.06416700,Y
768,769,Hadrosauridae,Late Campanian,-116.43724100,31.32383000,N
769,770,Hadrosauridae,Late Campanian,-115.66666400,30.16666800,N
770,771,Hadrosauridae,Late Campanian,-115.73333000,30.06666800,N
771,772,Hadrosauridae,Late Campanian,-115.73329900,30.03330000,N
772,773,Hadrosauridae,Late Campanian,-115.73329900,30.03330000,N
773,774,Hadrosauridae,Late Campanian,-110.76667000,31.66666800,Y
774,775,Hadrosauridae,Late Campanian,-110.76667000,31.66666800,Y
775,776,Hadrosauridae,Late Campanian,-110.76667000,31.66666800,Y
776,777,Hadrosauridae,Late Campanian,-107.00000000,36.00000000,Y
777,778,Hadrosauridae,Late Campanian,-107.78083000,36.12083400,Y
778,779,Hadrosauridae,Late Campanian,-108.51361100,36.48611100,Y
779,780,Hadrosauridae,Late Campanian,-108.17340100,36.25659900,Y
780,781,Hadrosauridae,Late Campanian,-108.06361400,36.25416600,Y
781,782,Hadrosauridae,Late Campanian,-105.63510100,36.21210100,Y
782,783,Hadrosauridae,Late Campanian,-108.26270300,36.27109900,Y
783,784,Hadrosauridae,Late Campanian,-110.09709900,37.86420100,Y
784,785,Hadrosauridae,Late Campanian,-108.00000000,35.95277800,Y
785,786,Hadrosauridae,Late Campanian,-108.25611100,36.27777900,Y
786,787,Hadrosauridae,Late Campanian,-108.20909900,36.27109900,Y
787,788,Hadrosauridae,Late Campanian,-108.19129900,36.25659900,Y
788,789,Hadrosauridae,Late Campanian,-108.20909900,36.27109900,Y
789,790,Hadrosauridae,Late Campanian,-108.48222400,36.63305700,Y
790,791,Hadrosauridae,Late Campanian,-108.42028000,36.70472300,Y
791,792,Hadrosauridae,Late Campanian,-108.06143200,36.15655900,Y
792,793,Hadrosauridae,Late Campanian,-108.54972100,36.29250000,Y
793,794,Hadrosauridae,Late Campanian,-108.10209700,36.28570200,Y
794,795,Hadrosauridae,Late Campanian,-108.10209700,36.28570200,Y
795,796,Hadrosauridae,Late Campanian,-108.10209700,36.28570200,Y
796,797,Hadrosauridae,Late Campanian,-108.10209700,36.28570200,Y
797,798,Hadrosauridae,Late Campanian,-108.10209700,36.28570200,Y
798,799,Hadrosauridae,Late Campanian,-108.08419800,36.34389900,Y
799,800,Hadrosauridae,Late Campanian,-108.08419800,36.34389900,Y
800,801,Hadrosauridae,Late Campanian,-108.10250100,36.29444500,Y
801,802,Hadrosauridae,Late Campanian,-108.14444700,36.27027900,Y
802,803,Hadrosauridae,Late Campanian,-108.14444700,36.27027900,Y
803,804,Hadrosauridae,Late Campanian,-108.14444700,36.27027900,Y
804,805,Hadrosauridae,Late Campanian,-108.14444700,36.27027900,Y
805,806,Hadrosauridae,Late Campanian,-108.14444700,36.27027900,Y
806,807,Hadrosauridae,Late Campanian,-108.14444700,36.27027900,Y
807,808,Hadrosauridae,Late Campanian,-108.14444700,36.27027900,Y
808,809,Hadrosauridae,Late Campanian,-108.14444700,36.27027900,Y
809,810,Hadrosauridae,Late Campanian,-108.14444700,36.27027900,Y
810,811,Hadrosauridae,Late Campanian,-108.14444700,36.27027900,Y
811,812,Hadrosauridae,Late Campanian,-108.14444700,36.27027900,Y
812,813,Hadrosauridae,Late Campanian,-108.16750300,36.26944400,Y
813,814,Hadrosauridae,Late Campanian,-108.16750300,36.26944400,Y
814,815,Hadrosauridae,Late Campanian,-108.16750300,36.26944400,Y
815,816,Hadrosauridae,Late Campanian,-108.19129900,36.30020100,Y
816,817,Hadrosauridae,Late Campanian,-108.19129900,36.30020100,Y
817,818,Hadrosauridae,Late Campanian,-108.19129900,36.30020100,Y
818,819,Hadrosauridae,Late Campanian,-108.07450100,36.22040200,Y
819,820,Hadrosauridae,Late Campanian,-108.07450100,36.22040200,Y
820,821,Hadrosauridae,Late Campanian,-108.08419800,36.21300100,Y
821,822,Hadrosauridae,Late Campanian,-107.96167000,36.06055500,Y
822,823,Hadrosauridae,Late Campanian,-107.96167000,36.06055500,Y
823,824,Hadrosauridae,Late Campanian,-107.96167000,36.06055500,Y
824,825,Hadrosauridae,Late Campanian,-108.06639900,36.34389900,Y
825,826,Hadrosauridae,Late Campanian,-108.10250100,36.29444500,Y
826,827,Hadrosauridae,Late Campanian,-108.10250100,36.29444500,Y
827,828,Hadrosauridae,Late Campanian,-108.04850000,36.32930000,Y
828,829,Hadrosauridae,Late Campanian,-108.10250100,36.28444300,Y
829,830,Hadrosauridae,Late Campanian,-108.08419800,36.30020100,Y
830,831,Hadrosauridae,Late Campanian,-108.08419800,36.30020100,Y
831,832,Hadrosauridae,Late Campanian,-108.17340100,36.25659900,Y
832,833,Hadrosauridae,Late Campanian,-108.14444700,36.27027900,Y
833,834,Hadrosauridae,Late Campanian,-108.14444700,36.27027900,Y
834,835,Hadrosauridae,Late Campanian,-108.14444700,36.27027900,Y
835,836,Hadrosauridae,Late Campanian,-108.14444700,36.27027900,Y
836,837,Hadrosauridae,Late Campanian,-108.14444700,36.27027900,Y
837,838,Hadrosauridae,Late Campanian,-108.14444700,36.27027900,Y
838,839,Hadrosauridae,Late Campanian,-108.14444700,36.27027900,Y
839,840,Hadrosauridae,Late Campanian,-108.14444700,36.27027900,Y
840,841,Hadrosauridae,Late Campanian,-108.17340100,36.31480000,Y
841,842,Hadrosauridae,Late Campanian,-108.14444700,36.27027900,Y
842,843,Hadrosauridae,Late Campanian,-108.14444700,36.27027900,Y
843,844,Hadrosauridae,Late Campanian,-108.14444700,36.27027900,Y
844,845,Hadrosauridae,Late Campanian,-108.14444700,36.27027900,Y
845,846,Hadrosauridae,Late Campanian,-108.25611100,36.27777900,Y
846,847,Hadrosauridae,Late Campanian,-108.25611100,36.27777900,Y
847,848,Hadrosauridae,Late Campanian,-107.63639100,36.02083200,Y
848,849,Hadrosauridae,Late Campanian,-107.63639100,36.02083200,Y
849,850,Hadrosauridae,Late Campanian,-107.83439600,36.15480000,Y
850,851,Hadrosauridae,Late Campanian,-106.53880300,35.90630000,Y
851,852,Hadrosauridae,Late Campanian,-107.95929700,36.16930000,Y
852,853,Hadrosauridae,Late Campanian,-107.96167000,36.06055500,Y
853,854,Hadrosauridae,Late Campanian,-107.94149800,36.22750100,Y
854,855,Hadrosauridae,Late Campanian,-107.94149800,36.22750100,Y
855,856,Hadrosauridae,Late Campanian,-107.79805800,36.02444500,Y
856,857,Hadrosauridae,Late Campanian,-107.79805800,36.02444500,Y
857,858,Hadrosauridae,Late Campanian,-107.79805800,36.02444500,Y
858,859,Hadrosauridae,Late Campanian,-107.79805800,36.02444500,Y
859,860,Hadrosauridae,Late Campanian,-107.79805800,36.02444500,Y
860,861,Hadrosauridae,Late Campanian,-107.45527600,35.89694200,Y
861,862,Hadrosauridae,Late Campanian,-108.19129900,36.24200100,Y
862,863,Hadrosauridae,Late Campanian,-108.19129900,36.24200100,Y
863,864,Hadrosauridae,Late Campanian,-108.19129900,36.24200100,Y
864,865,Hadrosauridae,Late Campanian,-108.10944400,36.14277600,Y
865,866,Hadrosauridae,Late Campanian,-107.96167000,36.06055500,Y
866,867,Hadrosauridae,Late Campanian,-108.14444700,36.27027900,Y
867,868,Hadrosauridae,Late Campanian,-108.14444700,36.27027900,Y
868,869,Hadrosauridae,Late Campanian,-108.14444700,36.27027900,Y
869,870,Hadrosauridae,Late Campanian,-108.17340100,36.31480000,Y
870,871,Hadrosauridae,Late Campanian,-108.25611100,36.27777900,Y
871,872,Hadrosauridae,Late Campanian,-107.83439600,36.24200100,Y
872,873,Hadrosauridae,Late Campanian,-108.11990400,36.28570200,Y
873,874,Hadrosauridae,Late Campanian,-108.11990400,36.28570200,Y
874,875,Hadrosauridae,Late Campanian,-108.11990400,36.18389900,Y
875,876,Hadrosauridae,Late Campanian,-108.04850000,36.30020100,Y
876,877,Hadrosauridae,Late Campanian,-108.06639900,36.30020100,Y
877,878,Hadrosauridae,Late Campanian,-108.10209700,36.28570200,Y
878,879,Hadrosauridae,Late Campanian,-108.10209700,36.30020100,Y
879,880,Hadrosauridae,Late Campanian,-108.10209700,36.30020100,Y
880,881,Hadrosauridae,Late Campanian,-108.10250100,36.29444500,Y
881,882,Hadrosauridae,Late Campanian,-107.38829800,35.92210000,Y
882,883,Hadrosauridae,Late Campanian,-108.24479700,36.27109900,Y
883,884,Hadrosauridae,Late Campanian,-108.20909900,36.27109900,Y
884,885,Hadrosauridae,Late Campanian,-108.20909900,36.27109900,Y
885,886,Hadrosauridae,Late Campanian,-108.20909900,36.25659900,Y
886,887,Hadrosauridae,Late Campanian,-108.22699700,36.27109900,Y
887,888,Hadrosauridae,Late Campanian,-107.76805900,36.83638800,Y
888,889,Hadrosauridae,Late Campanian,-108.11990400,36.34389900,Y
889,890,Hadrosauridae,Late Campanian,-108.26270300,36.34389900,Y
890,891,Hadrosauridae,Late Campanian,-107.97720300,36.15480000,Y
891,892,Hadrosauridae,Late Campanian,-107.78083000,36.12083400,Y
892,893,Hadrosauridae,Late Campanian,-112.51667000,51.38333100,Y
893,894,Hadrosauridae,Late Campanian,-113.03934500,49.94543100,Y
894,895,Hadrosauridae,Late Campanian,-112.91130100,51.65179800,Y
895,896,Hadrosauridae,Late Campanian,-112.88305700,51.53305400,Y
896,897,Hadrosauridae,Late Campanian,-112.76194800,51.47611200,Y
897,898,Hadrosauridae,Late Campanian,-112.93479900,51.63000100,Y
898,899,Hadrosauridae,Late Campanian,-113.88710000,53.34489800,Y
899,900,Hadrosauridae,Late Campanian,-108.90972100,48.00694300,Y
900,901,Hadrosauridae,Late Campanian,-109.35305800,43.63611200,Y
901,902,Hadrosauridae,Late Campanian,-109.61777500,47.73583200,Y
902,903,Hadrosauridae,Late Campanian,-109.58969900,47.80820100,Y
903,904,Hadrosauridae,Late Campanian,-109.58969900,47.80820100,Y
904,905,Hadrosauridae,Late Campanian,-110.58329800,48.91669800,Y
905,906,Hadrosauridae,Late Campanian,-110.58329800,48.93330000,Y
906,907,Hadrosauridae,Late Campanian,-109.29720300,46.46509900,Y
907,908,Hadrosauridae,Late Campanian,-109.90000200,46.20000100,Y
908,909,Hadrosauridae,Late Campanian,-109.90000200,46.20000100,Y
909,910,Hadrosauridae,Late Campanian,-109.90000200,46.20000100,Y
910,911,Hadrosauridae,Late Campanian,-109.90000200,46.20000100,Y
911,912,Hadrosauridae,Late Campanian,-109.90000200,46.20000100,Y
912,913,Hadrosauridae,Late Campanian,-109.09999800,46.09999800,Y
913,914,Hadrosauridae,Late Campanian,-109.90000200,46.20000100,Y
914,915,Hadrosauridae,Late Campanian,-109.66333000,46.40000200,Y
915,916,Hadrosauridae,Late Campanian,-109.66333000,46.40000200,Y
916,917,Hadrosauridae,Late Campanian,-109.50000000,49.09999800,Y
917,918,Hadrosauridae,Late Campanian,-108.94766200,47.77220900,Y
918,919,Hadrosauridae,Late Campanian,-109.59166700,46.24222200,Y
919,920,Hadrosauridae,Late Campanian,-109.59166700,46.24222200,Y
920,921,Hadrosauridae,Late Campanian,-109.98666400,48.56778000,Y
921,922,Hadrosauridae,Late Campanian,-109.63655100,47.71871200,Y
922,923,Hadrosauridae,Late Campanian,-107.89504200,48.59629400,Y
923,924,Hadrosauridae,Late Campanian,-107.83333600,50.50000000,Y
924,925,Hadrosauridae,Late Campanian,-110.10519400,48.65572000,Y
925,926,Hadrosauridae,Late Campanian,-109.67548400,48.61456300,Y
926,927,Hadrosauridae,Late Campanian,-111.62999700,45.82000000,Y
927,928,Hadrosauridae,Late Campanian,-109.66506200,47.94311500,Y
928,929,Hadrosauridae,Late Campanian,-109.67548400,48.61456300,Y
929,930,Hadrosauridae,Late Campanian,-104.03439300,45.32578700,Y
930,931,Hadrosauridae,Late Campanian,-109.51008600,46.28247100,Y
931,932,Hadrosauridae,Late Campanian,-109.31783300,46.28562900,Y
932,933,Hadrosauridae,Late Campanian,-104.47374700,45.52338800,Y
933,934,Hadrosauridae,Late Campanian,-109.51008600,46.28247100,Y
934,935,Hadrosauridae,Late Campanian,-108.00109900,46.76002500,Y
935,936,Hadrosauridae,Late Campanian,-108.00109900,46.76002500,Y
936,937,Hadrosauridae,Late Campanian,-108.00109900,46.76002500,Y
937,938,Hadrosauridae,Late Campanian,-109.90000200,46.20000100,Y
938,939,Hadrosauridae,Late Campanian,-111.77749600,37.67770000,Y
939,940,Hadrosauridae,Late Campanian,-111.85916900,37.63722200,Y
940,941,Hadrosauridae,Late Campanian,-111.73333000,37.66666800,Y
941,942,Hadrosauridae,Late Campanian,-111.85647600,37.62481700,Y
942,943,Hadrosauridae,Late Campanian,-108.16694600,36.26944400,Y
943,944,Hadrosauridae,Late Campanian,-108.16694600,36.26944400,Y
944,945,Hadrosauridae,Late Campanian,-108.08419800,36.34389900,Y
945,946,Hadrosauridae,Late Campanian,-108.08840200,36.10390100,Y
946,947,Hadrosauridae,Late Campanian,-108.08333600,36.50000000,Y
947,948,Hadrosauridae,Late Campanian,-107.88790100,36.18389900,Y
948,949,Hadrosauridae,Late Campanian,-108.26129900,36.37130000,Y
949,950,Hadrosauridae,Late Campanian,-108.00000000,35.95277800,Y
950,951,Hadrosauridae,Late Campanian,-108.08333600,36.50000000,Y
951,952,Hadrosauridae,Late Campanian,-107.88790100,36.18389900,Y
952,953,Hadrosauridae,Late Campanian,-107.79869800,36.16930000,Y
953,954,Hadrosauridae,Late Campanian,-107.79869800,36.16930000,Y
954,955,Hadrosauridae,Late Campanian,-108.04850000,36.31480000,Y
955,956,Hadrosauridae,Late Campanian,-107.79869800,36.14020200,Y
956,957,Hadrosauridae,Late Campanian,-107.79869800,36.16930000,Y
957,958,Hadrosauridae,Late Campanian,-108.07389100,36.38833200,Y
958,959,Hadrosauridae,Late Campanian,-108.07389100,36.38833200,Y
959,960,Hadrosauridae,Late Campanian,-108.07389100,36.38833200,Y
960,961,Hadrosauridae,Late Campanian,-108.07389100,36.38833200,Y
961,962,Hadrosauridae,Late Campanian,-108.10250100,36.29444500,Y
962,963,Hadrosauridae,Late Campanian,-107.81659700,36.15480000,Y
963,964,Hadrosauridae,Late Campanian,-107.81659700,36.15480000,Y
964,965,Hadrosauridae,Late Campanian,-107.81659700,36.15480000,Y
965,966,Hadrosauridae,Late Campanian,-107.81659700,36.15480000,Y
966,967,Hadrosauridae,Late Campanian,-107.81659700,36.15480000,Y
967,968,Hadrosauridae,Late Campanian,-108.10944400,36.14277600,Y
968,969,Hadrosauridae,Late Campanian,-108.08833300,36.10388900,Y
969,970,Hadrosauridae,Late Campanian,-108.10944400,36.14277600,Y
970,971,Hadrosauridae,Late Campanian,-108.41111000,36.51722300,Y
971,972,Hadrosauridae,Late Campanian,-108.41055300,36.52249900,Y
972,973,Hadrosauridae,Late Campanian,-108.29083300,36.40611300,Y
973,974,Hadrosauridae,Late Campanian,-108.18360900,36.28111300,Y
974,975,Hadrosauridae,Late Campanian,-108.12056000,36.35277900,Y
975,976,Hadrosauridae,Late Campanian,-108.05972300,36.33583500,Y
976,977,Hadrosauridae,Late Campanian,-108.09083600,36.34388700,Y
977,978,Hadrosauridae,Late Campanian,-108.04111500,36.30277600,Y
978,979,Hadrosauridae,Late Campanian,-108.32194500,36.48611100,Y
979,980,Hadrosauridae,Late Campanian,-107.88777900,36.16916700,Y
980,981,Hadrosauridae,Late Campanian,-107.81659700,36.15480000,Y
981,982,Hadrosauridae,Late Campanian,-108.20909900,36.34389900,Y
982,983,Hadrosauridae,Late Campanian,-108.08277900,36.33388900,Y
983,984,Hadrosauridae,Late Campanian,-108.16694600,36.26944400,Y
984,985,Hadrosauridae,Late Campanian,-108.10944400,36.14277600,Y
985,986,Hadrosauridae,Late Campanian,-108.08416700,36.34361300,Y
986,987,Hadrosauridae,Late Campanian,-108.08416700,36.34388700,Y
987,988,Hadrosauridae,Late Campanian,-108.08416700,36.34388700,Y
988,989,Hadrosauridae,Late Campanian,-108.20909900,36.34389900,Y
989,990,Hadrosauridae,Late Campanian,-108.08416700,36.34388700,Y
990,991,Hadrosauridae,Late Campanian,-108.08416700,36.34361300,Y
991,992,Hadrosauridae,Late Campanian,-108.08416700,36.34361300,Y
992,993,Hadrosauridae,Late Campanian,-108.08416700,36.34361300,Y
993,994,Hadrosauridae,Late Campanian,-108.08416700,36.34361300,Y
994,995,Hadrosauridae,Late Campanian,-108.08416700,36.34361300,Y
995,996,Hadrosauridae,Late Campanian,-107.92921400,36.15981700,Y
996,997,Hadrosauridae,Late Campanian,-108.09536000,36.28742200,Y
997,998,Hadrosauridae,Late Campanian,-107.78555300,36.10027700,Y
998,999,Hadrosauridae,Late Campanian,-108.09999800,36.20000100,Y
999,1000,Hadrosauridae,Late Campanian,-108.09999800,36.20000100,Y
1000,1001,Hadrosauridae,Late Campanian,-108.09999800,36.29999900,Y
1001,1002,Hadrosauridae,Late Campanian,-108.09999800,36.29999900,Y
1002,1003,Hadrosauridae,Late Campanian,-108.09999800,36.29999900,Y
1003,1004,Hadrosauridae,Late Campanian,-108.09999800,36.27999900,Y
1004,1005,Hadrosauridae,Late Campanian,-107.91999800,36.15000200,Y
1005,1006,Hadrosauridae,Late Campanian,-108.09999800,36.27999900,Y
1006,1007,Hadrosauridae,Late Campanian,-108.09999800,36.29999900,Y
1007,1008,Hadrosauridae,Late Campanian,-108.09999800,36.27999900,Y
1008,1009,Hadrosauridae,Late Campanian,-108.09999800,36.27999900,Y
1009,1010,Hadrosauridae,Late Campanian,-108.10194400,36.34388700,Y
1010,1011,Hadrosauridae,Late Campanian,-108.09999800,36.27999900,Y
1011,1012,Hadrosauridae,Late Campanian,-108.08840200,36.10390100,Y
1012,1013,Hadrosauridae,Late Campanian,-108.08419800,36.31480000,Y
1013,1014,Hadrosauridae,Late Campanian,-108.08419800,36.31480000,Y
1014,1015,Hadrosauridae,Late Campanian,-108.09999800,36.29999900,Y
1015,1016,Hadrosauridae,Late Campanian,-108.09999800,36.29999900,Y
1016,1017,Hadrosauridae,Late Campanian,-108.09999800,36.29999900,Y
1017,1018,Hadrosauridae,Late Campanian,-108.09999800,36.29999900,Y
1018,1019,Hadrosauridae,Late Campanian,-108.09999800,36.29999900,Y
1019,1020,Hadrosauridae,Late Campanian,-108.08416700,36.34361300,Y
1020,1021,Hadrosauridae,Late Campanian,-108.08416700,36.34388700,Y
1021,1022,Hadrosauridae,Late Campanian,-108.08416700,36.34361300,Y
1022,1023,Hadrosauridae,Late Campanian,-108.08416700,36.34361300,Y
1023,1024,Hadrosauridae,Late Campanian,-108.10194400,36.34388700,Y
1024,1025,Hadrosauridae,Late Campanian,-108.10194400,36.34388700,Y
1025,1026,Hadrosauridae,Late Campanian,-108.08416700,36.34388700,Y
1026,1027,Hadrosauridae,Late Campanian,-108.08416700,36.34388700,Y
1027,1028,Hadrosauridae,Late Campanian,-108.09999800,36.20000100,Y
1028,1029,Hadrosauridae,Late Campanian,-108.09999800,36.20000100,Y
1029,1030,Hadrosauridae,Late Campanian,-108.08840200,36.10390100,Y
1030,1031,Hadrosauridae,Late Campanian,-108.08333600,36.50000000,Y
1031,1032,Hadrosauridae,Late Campanian,-108.09536000,36.28742200,Y
1032,1033,Hadrosauridae,Late Campanian,-108.16694600,36.26944400,Y
1033,1034,Hadrosauridae,Late Campanian,-108.54000100,36.29000100,Y
1034,1035,Hadrosauridae,Late Campanian,-108.54000100,36.29000100,Y
1035,1036,Hadrosauridae,Late Campanian,-108.54000100,36.29000100,Y
1036,1037,Hadrosauridae,Late Campanian,-108.54000100,36.29000100,Y
1037,1038,Hadrosauridae,Late Campanian,-115.73329900,30.03330000,N
1038,1039,Hadrosauridae,Late Campanian,-115.73329900,30.03330000,N
1039,1040,Hadrosauridae,Late Campanian,-115.73329900,30.03330000,N
1040,1041,Hadrosauridae,Late Campanian,-74.30000300,40.29999900,Y
1041,1042,Hadrosauridae,Late Campanian,-74.30000300,40.29999900,Y
1042,1043,Hadrosauridae,Late Campanian,-74.30000300,40.29999900,Y
1043,1044,Hadrosauridae,Late Campanian,-74.30000300,40.29999900,Y
1044,1045,Hadrosauridae,Late Campanian,-75.72638700,39.53527800,Y
1045,1046,Hadrosauridae,Late Campanian,-108.79794300,44.11268600,Y
1046,1047,Hadrosauridae,Late Campanian,-107.27809900,42.85440100,Y
1047,1048,Hadrosauridae,Late Campanian,-107.27809900,42.85440100,Y
1048,1049,Hadrosauridae,Late Campanian,-107.09999800,43.20000100,Y
1049,1050,Hadrosauridae,Late Campanian,-107.09999800,43.20000100,Y
1050,1051,Hadrosauridae,Late Campanian,-74.27417000,40.25999800,Y
1051,1052,Hadrosauridae,Late Campanian,-74.21112100,40.38392300,Y
1052,1053,Hadrosauridae,Late Campanian,-75.22407500,39.73928100,Y
1053,1054,Hadrosauridae,Late Campanian,-109.44039900,39.13639800,Y
1054,1055,Hadrosauridae,Late Campanian,-111.52999900,50.77000000,Y
1055,1056,Hadrosauridae,Late Campanian,-110.68440200,49.07545900,Y
1056,1057,Hadrosauridae,Late Campanian,-110.68364000,49.07759500,Y
1057,1058,Hadrosauridae,Late Campanian,-110.70076800,49.07629000,Y
1058,1059,Hadrosauridae,Late Campanian,-110.70076800,49.07629000,Y
1059,1060,Hadrosauridae,Late Campanian,-110.71584300,49.07407800,Y
1060,1061,Hadrosauridae,Late Campanian,-110.73234600,49.18700800,Y
1061,1062,Hadrosauridae,Late Campanian,-110.73439000,49.19385100,Y
1062,1063,Hadrosauridae,Late Campanian,-110.65902700,49.07257500,Y
1063,1064,Hadrosauridae,Late Campanian,-112.19999700,49.28305400,Y
1064,1065,Hadrosauridae,Late Campanian,-112.19999700,49.28305400,Y
1065,1066,Hadrosauridae,Late Campanian,-110.13220200,50.71329900,Y
1066,1067,Hadrosauridae,Late Campanian,-110.44999700,49.06666600,Y
1067,1068,Hadrosauridae,Late Campanian,-110.13220200,50.71329900,Y
1068,1069,Hadrosauridae,Late Campanian,-110.72249600,49.05920000,Y
1069,1070,Hadrosauridae,Late Campanian,-111.14399700,50.85879900,Y
1070,1071,Hadrosauridae,Late Campanian,-101.15638700,27.81194300,Y
1071,1072,Hadrosauridae,Late Campanian,-101.39608000,27.87948600,Y
1072,1073,Hadrosauridae,Late Campanian,-100.98778500,27.42802000,Y
1073,1074,Hadrosauridae,Late Campanian,-117.29528000,33.13000100,N
1074,1075,Hadrosauridae,Late Campanian,-117.29528000,33.13000100,N
1075,1076,Hadrosauridae,Late Campanian,-151.00000000,70.00000000,Y
1076,1077,Hadrosauridae,Late Campanian,-151.00000000,70.00000000,Y
1077,1078,Hadrosauridae,Late Campanian,-108.48130000,31.88699900,Y
1078,1079,Hadrosauridae,Late Campanian,-104.71111300,30.46055600,Y
1079,1080,Hadrosauridae,Late Campanian,-104.70361300,30.45722200,Y
1080,1081,Hadrosauridae,Late Campanian,-112.96640000,49.02550100,Y
1081,1082,Hadrosauridae,Late Campanian,-112.18277700,47.81250000,Y
1082,1083,Hadrosauridae,Late Campanian,-113.75000000,48.63000100,Y
1083,1084,Hadrosauridae,Late Campanian,-113.75000000,48.63330100,Y
1084,1085,Hadrosauridae,Late Campanian,-112.70111800,48.47920200,Y
1085,1086,Hadrosauridae,Late Campanian,-113.75000000,48.63330100,Y
1086,1087,Hadrosauridae,Late Campanian,-112.65000200,48.96659900,Y
1087,1088,Hadrosauridae,Late Campanian,-112.64201400,48.91082000,Y
1088,1089,Hadrosauridae,Late Campanian,-112.64201400,48.91082000,Y
1089,1090,Hadrosauridae,Late Campanian,-112.64201400,48.91082000,Y
1090,1091,Hadrosauridae,Late Campanian,-112.64201400,48.91082000,Y
1091,1092,Hadrosauridae,Late Campanian,-112.64201400,48.91082000,Y
1092,1093,Hadrosauridae,Late Campanian,-112.64201400,48.91082000,Y
1093,1094,Hadrosauridae,Late Campanian,-113.75000000,48.63000100,Y
1094,1095,Hadrosauridae,Late Campanian,-112.19999700,49.28305400,Y
1095,1096,Hadrosauridae,Late Campanian,-112.58338900,48.48303200,Y
1096,1097,Hadrosauridae,Late Campanian,-112.47000100,48.46361200,Y
1097,1098,Hadrosauridae,Late Campanian,-112.58283200,47.63467800,Y
1098,1099,Hadrosauridae,Late Campanian,-112.64240300,48.93550100,Y
1099,1100,Hadrosauridae,Late Campanian,-113.75000000,48.63000100,Y
1100,1101,Hadrosauridae,Late Campanian,-112.64240300,48.93550100,Y
1101,1102,Hadrosauridae,Late Campanian,-112.64240300,48.93550100,Y
1102,1103,Hadrosauridae,Late Campanian,-112.64240300,48.93550100,Y
1103,1104,Hadrosauridae,Late Campanian,-112.73194100,48.73694200,Y
1104,1105,Hadrosauridae,Late Campanian,-112.45194200,48.46694600,Y
1105,1106,Hadrosauridae,Late Campanian,-112.33528100,48.30194500,Y
1106,1107,Hadrosauridae,Late Campanian,-112.33528100,48.30194500,Y
1107,1108,Hadrosauridae,Late Campanian,-112.65065800,48.93796500,Y
1108,1109,Hadrosauridae,Late Campanian,-112.27610800,47.99000200,Y
1109,1110,Hadrosauridae,Late Campanian,-112.65065800,48.93796500,Y
1110,1111,Hadrosauridae,Late Campanian,-112.58283200,47.63467800,Y
1111,1112,Hadrosauridae,Late Campanian,-112.65331300,48.34660000,Y
1112,1113,Hadrosauridae,Late Campanian,-112.64240300,48.93550100,Y
1113,1114,Hadrosauridae,Late Campanian,-112.06620800,48.46247900,Y
1114,1115,Hadrosauridae,Late Campanian,-112.50336500,47.82307100,Y
1115,1116,Hadrosauridae,Late Campanian,-112.43002300,48.48468000,Y
1116,1117,Hadrosauridae,Late Campanian,-113.75000000,48.63330100,Y
1117,1118,Hadrosauridae,Late Campanian,-113.75000000,48.63330100,Y
1118,1119,Hadrosauridae,Late Campanian,-112.64083100,48.91083100,Y
1119,1120,Hadrosauridae,Late Campanian,-112.22269400,47.80628600,Y
1120,1121,Hadrosauridae,Late Campanian,-112.28756700,47.76810100,Y
1121,1122,Hadrosauridae,Late Campanian,-112.11861400,37.63472400,Y
1122,1123,Hadrosauridae,Late Campanian,-119.36666900,55.04999900,Y
1123,1124,Hadrosauridae,Late Campanian,-118.51071900,55.26042900,Y
1124,1125,Hadrosauridae,Late Campanian,-118.51251200,55.25445900,Y
1125,1126,Hadrosauridae,Late Campanian,-118.51020800,55.25171700,Y
1126,1127,Hadrosauridae,Late Campanian,-119.52601600,55.08131000,Y
1127,1128,Hadrosauridae,Late Campanian,-119.98500100,55.05500000,Y
1128,1129,Hadrosauridae,Late Campanian,-117.52727500,33.71485100,Y
1129,1130,Hadrosauridae,Late Campanian,-108.86666900,44.98333400,Y
1130,1131,Hadrosauridae,Late Campanian,-106.95944200,40.31555600,Y
1131,1132,Hadrosauridae,Late Campanian,-108.72833300,39.30379900,Y
1132,1133,Hadrosauridae,Late Campanian,-112.75000000,51.61014200,Y
1133,1134,Hadrosauridae,Late Campanian,-108.66130100,47.81950000,Y
1134,1135,Hadrosauridae,Late Campanian,-112.91130100,51.95740100,Y
1135,1136,Hadrosauridae,Late Campanian,-111.48889900,50.79330100,Y
1136,1137,Hadrosauridae,Late Campanian,-105.20054600,38.37305500,Y
1137,1138,Hadrosauridae,Late Campanian,-108.70398700,39.84136600,Y
1138,1139,Hadrosauridae,Late Campanian,-107.45588700,38.87888000,Y
1139,1140,Hadrosauridae,Late Campanian,-106.15638700,49.10527800,Y
1140,1141,Hadrosauridae,Late Campanian,-111.50966600,50.73679000,Y
1141,1142,Hadrosauridae,Late Campanian,-110.01719700,50.75700000,Y
1142,1143,Hadrosauridae,Late Campanian,-112.93479900,51.92829900,Y
1143,1144,Hadrosauridae,Late Campanian,-109.21099900,41.36485700,Y
1144,1145,Hadrosauridae,Late Campanian,-107.03694200,38.83250000,Y
1145,1146,Hadrosauridae,Late Campanian,-110.56371300,50.18313200,Y
1146,1147,Hadrosauridae,Late Campanian,-75.14584400,39.83993100,Y
1147,1148,Hadrosauridae,Late Campanian,-108.76210000,36.49407200,Y
1148,1149,Hadrosauridae,Late Campanian,-111.18008400,50.83681100,Y
1149,1150,Hadrosauridae,Late Campanian,-112.93599700,51.72810000,Y
1150,1151,Hadrosauridae,Late Campanian,-74.34656500,40.28233000,Y
1151,1152,Hadrosauridae,Late Campanian,-74.27299500,40.35152800,Y
1152,1153,Hadrosauridae,Late Campanian,-74.23005700,40.41468400,Y
1153,1154,Hadrosauridae,Late Campanian,-75.31028000,39.74750100,Y
1154,1155,Hadrosauridae,Late Campanian,-75.31028000,39.74750100,Y
1155,1156,Hadrosauridae,Late Campanian,-74.38460500,40.28263500,Y
1156,1157,Hadrosauridae,Late Campanian,-112.94916500,51.94972200,Y
1157,1158,Hadrosauridae,Late Campanian,-112.98190300,51.81909900,Y
1158,1159,Hadrosauridae,Late Campanian,-112.98190300,51.81909900,Y
1159,1160,Hadrosauridae,Late Campanian,-112.95829800,51.74639900,Y
1160,1161,Hadrosauridae,Late Campanian,-112.98190300,51.81909900,Y
1161,1162,Hadrosauridae,Late Campanian,-112.95829800,51.74639900,Y
1162,1163,Hadrosauridae,Late Campanian,-112.95829800,51.74639900,Y
1163,1164,Hadrosauridae,Late Campanian,-109.56327100,30.86926100,Y
1164,1165,Hadrosauridae,Late Campanian,-109.50000000,30.68330000,Y
1165,1166,Hadrosauridae,Late Campanian,-111.46589700,50.66970100,Y
1166,1167,Tyrannosauridae,Late Campanian,-103.51667000,29.31666800,Y
1167,1168,Tyrannosauridae,Late Campanian,-103.19999700,29.20000100,Y
1168,1169,Tyrannosauridae,Late Campanian,-103.63713100,29.22520100,Y
1169,1170,Tyrannosauridae,Late Campanian,-103.36669900,28.90000000,Y
1170,1171,Tyrannosauridae,Late Campanian,-103.16987600,29.10479200,Y
1171,1172,Tyrannosauridae,Late Campanian,-103.16987600,29.10479200,Y
1172,1173,Tyrannosauridae,Late Campanian,-103.16987600,29.10479200,Y
1173,1174,Tyrannosauridae,Late Campanian,-103.16987600,29.10479200,Y
1174,1175,Tyrannosauridae,Late Campanian,-103.56562000,29.22855400,Y
1175,1176,Tyrannosauridae,Late Campanian,-103.56562000,29.22855400,Y
1176,1177,Tyrannosauridae,Late Campanian,-103.56562000,29.22855400,Y
1177,1178,Tyrannosauridae,Late Campanian,-103.56562000,29.22855400,Y
1178,1179,Tyrannosauridae,Late Campanian,-103.55000300,29.20000100,Y
1179,1180,Tyrannosauridae,Late Campanian,-103.33667000,28.92138900,Y
1180,1181,Tyrannosauridae,Late Campanian,-103.16987600,29.10479200,Y
1181,1182,Tyrannosauridae,Late Campanian,-109.61496700,31.07819000,Y
1182,1183,Tyrannosauridae,Late Campanian,-109.79042800,31.12439500,Y
1183,1184,Tyrannosauridae,Late Campanian,-109.79042800,31.12439500,Y
1184,1185,Tyrannosauridae,Late Campanian,-111.52873200,50.74072600,Y
1185,1186,Tyrannosauridae,Late Campanian,-111.54934700,50.73701500,Y
1186,1187,Tyrannosauridae,Late Campanian,-111.56463600,50.72386600,Y
1187,1188,Tyrannosauridae,Late Campanian,-111.52533700,50.74047100,Y
1188,1189,Tyrannosauridae,Late Campanian,-111.60102100,50.78699900,Y
1189,1190,Tyrannosauridae,Late Campanian,-111.52587100,50.72884800,Y
1190,1191,Tyrannosauridae,Late Campanian,-111.52458200,50.72723400,Y
1191,1192,Tyrannosauridae,Late Campanian,-111.48465700,50.75055300,Y
1192,1193,Tyrannosauridae,Late Campanian,-111.48465700,50.75055300,Y
1193,1194,Tyrannosauridae,Late Campanian,-111.50000000,50.77999900,Y
1194,1195,Tyrannosauridae,Late Campanian,-111.48005700,50.73704900,Y
1195,1196,Tyrannosauridae,Late Campanian,-111.45848800,50.74900400,Y
1196,1197,Tyrannosauridae,Late Campanian,-111.50212900,50.74765800,Y
1197,1198,Tyrannosauridae,Late Campanian,-111.50717900,50.74224100,Y
1198,1199,Tyrannosauridae,Late Campanian,-111.62021600,50.80685400,Y
1199,1200,Tyrannosauridae,Late Campanian,-111.61222100,50.80399300,Y
1200,1201,Tyrannosauridae,Late Campanian,-111.50400500,50.75950200,Y
1201,1202,Tyrannosauridae,Late Campanian,-111.52458200,50.72723400,Y
1202,1203,Tyrannosauridae,Late Campanian,-111.43540200,50.76340100,Y
1203,1204,Tyrannosauridae,Late Campanian,-111.78790300,50.84429900,Y
1204,1205,Tyrannosauridae,Late Campanian,-111.46327200,50.74102800,Y
1205,1206,Tyrannosauridae,Late Campanian,-115.73333000,30.04999900,N
1206,1207,Tyrannosauridae,Late Campanian,-110.76667000,31.66666800,Y
1207,1208,Tyrannosauridae,Late Campanian,-110.84833500,31.69611400,Y
1208,1209,Tyrannosauridae,Late Campanian,-108.22699700,36.28570200,Y
1209,1210,Tyrannosauridae,Late Campanian,-107.63639100,36.02083200,Y
1210,1211,Tyrannosauridae,Late Campanian,-107.79805800,36.02444500,Y
1211,1212,Tyrannosauridae,Late Campanian,-112.81890100,51.54270200,Y
1212,1213,Tyrannosauridae,Late Campanian,-112.84230000,51.46989800,Y
1213,1214,Tyrannosauridae,Late Campanian,-112.70220200,51.44080000,Y
1214,1215,Tyrannosauridae,Late Campanian,-113.88710000,53.34489800,Y
1215,1216,Tyrannosauridae,Late Campanian,-109.65110800,47.39805600,Y
1216,1217,Tyrannosauridae,Late Campanian,-110.58329800,48.93330000,Y
1217,1218,Tyrannosauridae,Late Campanian,-109.90000200,46.20000100,Y
1218,1219,Tyrannosauridae,Late Campanian,-109.66333000,46.40000200,Y
1219,1220,Tyrannosauridae,Late Campanian,-109.50000000,49.09999800,Y
1220,1221,Tyrannosauridae,Late Campanian,-107.83333600,50.50000000,Y
1221,1222,Tyrannosauridae,Late Campanian,-108.94766200,47.77220900,Y
1222,1223,Tyrannosauridae,Late Campanian,-108.00109900,46.76002500,Y
1223,1224,Tyrannosauridae,Late Campanian,-108.00109900,46.76002500,Y
1224,1225,Tyrannosauridae,Late Campanian,-111.53196000,37.45160700,Y
1225,1226,Tyrannosauridae,Late Campanian,-111.73555800,37.49305700,Y
1226,1227,Tyrannosauridae,Late Campanian,-108.16694600,36.26944400,Y
1227,1228,Tyrannosauridae,Late Campanian,-108.07555400,36.34166700,Y
1228,1229,Tyrannosauridae,Late Campanian,-108.00833100,36.08610900,Y
1229,1230,Tyrannosauridae,Late Campanian,-108.08416700,36.34388700,Y
1230,1231,Tyrannosauridae,Late Campanian,-108.79794300,44.11268600,Y
1231,1232,Tyrannosauridae,Late Campanian,-107.27809900,42.85440100,Y
1232,1233,Tyrannosauridae,Late Campanian,-107.27809900,42.85440100,Y
1233,1234,Tyrannosauridae,Late Campanian,-107.09999800,43.20000100,Y
1234,1235,Tyrannosauridae,Late Campanian,-109.44039900,39.13639800,Y
1235,1236,Tyrannosauridae,Late Campanian,-110.68199900,49.08369800,Y
1236,1237,Tyrannosauridae,Late Campanian,-110.68440200,49.07545900,Y
1237,1238,Tyrannosauridae,Late Campanian,-110.68364000,49.07759500,Y
1238,1239,Tyrannosauridae,Late Campanian,-110.70076800,49.07629000,Y
1239,1240,Tyrannosauridae,Late Campanian,-110.71584300,49.07407800,Y
1240,1241,Tyrannosauridae,Late Campanian,-110.73234600,49.18700800,Y
1241,1242,Tyrannosauridae,Late Campanian,-110.73439000,49.19385100,Y
1242,1243,Tyrannosauridae,Late Campanian,-110.65902700,49.07257500,Y
1243,1244,Tyrannosauridae,Late Campanian,-111.51190200,50.74240100,Y
1244,1245,Tyrannosauridae,Late Campanian,-101.15638700,27.81194300,Y
1245,1246,Tyrannosauridae,Late Campanian,-151.00000000,70.00000000,Y
1246,1247,Tyrannosauridae,Late Campanian,-108.48130000,31.88699900,Y
1247,1248,Tyrannosauridae,Late Campanian,-110.91666400,45.98333400,Y
1248,1249,Tyrannosauridae,Late Campanian,-112.22269400,47.80628600,Y
1249,1250,Tyrannosauridae,Late Campanian,-105.20054600,38.37305500,Y
1250,1251,Tyrannosauridae,Late Campanian,-107.03694200,38.83250000,Y
